case,part,component,rel_max_diff,altitude_km,lmax,rms_dipole_nT,rel_rms_diff,rel_rms_truncation
0 induced units,VIM grid,all,3.312e-16,,,,,
"3 real, depth",remanent,Br,1.762e+00,1.000e+02,1.500e+02,6.849e+00,2.203e-01,2.202e-01
"3 real, depth",remanent,Btheta,1.854e+00,1.000e+02,1.500e+02,4.753e+00,2.106e-01,2.106e-01
"3 real, depth",remanent,Bphi,2.250e+00,1.000e+02,1.500e+02,4.735e+00,2.382e-01,2.380e-01
"3 real, depth",remanent,Br,2.391e-02,3.000e+02,1.500e+02,2.268e+00,3.687e-03,3.687e-03
"3 real, depth",remanent,Btheta,2.790e-02,3.000e+02,1.500e+02,1.518e+00,3.633e-03,3.633e-03
"3 real, depth",remanent,Bphi,3.312e-02,3.000e+02,1.500e+02,1.577e+00,3.891e-03,3.891e-03
"3 real, depth",remanent,Br,1.729e-01,1.000e+02,3.000e+02,6.849e+00,2.406e-02,2.337e-02
"3 real, depth",remanent,Btheta,2.044e-01,1.000e+02,3.000e+02,4.753e+00,2.441e-02,2.384e-02
"3 real, depth",remanent,Bphi,2.263e-01,1.000e+02,3.000e+02,4.735e+00,2.432e-02,2.347e-02
"3 real, depth",remanent,Br,3.614e-05,3.000e+02,3.000e+02,2.268e+00,4.082e-06,4.082e-06
"3 real, depth",remanent,Btheta,3.266e-05,3.000e+02,3.000e+02,1.518e+00,4.271e-06,4.271e-06
"3 real, depth",remanent,Bphi,3.575e-05,3.000e+02,3.000e+02,1.577e+00,4.100e-06,4.099e-06
"3 real, depth",remanent,Br,4.199e-02,1.000e+02,4.000e+02,6.849e+00,5.665e-03,0.000e+00
"3 real, depth",remanent,Btheta,6.146e-02,1.000e+02,4.000e+02,4.753e+00,5.754e-03,0.000e+00
"3 real, depth",remanent,Bphi,6.182e-02,1.000e+02,4.000e+02,4.735e+00,5.993e-03,0.000e+00
"3 real, depth",remanent,Br,3.104e-07,3.000e+02,4.000e+02,2.268e+00,4.751e-08,0.000e+00
"3 real, depth",remanent,Btheta,4.080e-07,3.000e+02,4.000e+02,1.518e+00,4.956e-08,0.000e+00
"3 real, depth",remanent,Bphi,3.509e-07,3.000e+02,4.000e+02,1.577e+00,4.884e-08,0.000e+00
"3 real, depth",induced,Br,2.075e+00,1.000e+02,1.500e+02,1.124e+01,1.600e-01,1.600e-01
"3 real, depth",induced,Btheta,1.943e+00,1.000e+02,1.500e+02,8.425e+00,1.590e-01,1.589e-01
"3 real, depth",induced,Bphi,2.092e+00,1.000e+02,1.500e+02,7.140e+00,1.567e-01,1.568e-01
"3 real, depth",induced,Br,3.381e-02,3.000e+02,1.500e+02,3.595e+00,2.752e-03,2.752e-03
"3 real, depth",induced,Btheta,2.518e-02,3.000e+02,1.500e+02,2.624e+00,2.844e-03,2.844e-03
"3 real, depth",induced,Bphi,2.368e-02,3.000e+02,1.500e+02,2.294e+00,2.696e-03,2.696e-03
"3 real, depth",induced,Br,2.806e-01,1.000e+02,3.000e+02,1.124e+01,1.429e-02,1.401e-02
"3 real, depth",induced,Btheta,2.381e-01,1.000e+02,3.000e+02,8.425e+00,1.470e-02,1.446e-02
"3 real, depth",induced,Bphi,2.498e-01,1.000e+02,3.000e+02,7.140e+00,1.552e-02,1.526e-02
"3 real, depth",induced,Br,2.743e-05,3.000e+02,3.000e+02,3.595e+00,2.589e-06,2.589e-06
"3 real, depth",induced,Btheta,3.742e-05,3.000e+02,3.000e+02,2.624e+00,2.815e-06,2.814e-06
"3 real, depth",induced,Bphi,3.214e-05,3.000e+02,3.000e+02,2.294e+00,2.816e-06,2.816e-06
"3 real, depth",induced,Br,5.370e-02,1.000e+02,4.000e+02,1.124e+01,2.718e-03,0.000e+00
"3 real, depth",induced,Btheta,3.572e-02,1.000e+02,4.000e+02,8.425e+00,2.556e-03,0.000e+00
"3 real, depth",induced,Bphi,5.430e-02,1.000e+02,4.000e+02,7.140e+00,2.888e-03,0.000e+00
"3 real, depth",induced,Br,4.283e-07,3.000e+02,4.000e+02,3.595e+00,2.425e-08,0.000e+00
"3 real, depth",induced,Btheta,3.275e-07,3.000e+02,4.000e+02,2.624e+00,2.388e-08,0.000e+00
"3 real, depth",induced,Bphi,4.135e-07,3.000e+02,4.000e+02,2.294e+00,2.598e-08,0.000e+00
"3 real, depth",combined,Br,1.764e+00,1.000e+02,1.500e+02,1.323e+01,1.754e-01,1.753e-01
"3 real, depth",combined,Btheta,1.695e+00,1.000e+02,1.500e+02,9.720e+00,1.714e-01,1.714e-01
"3 real, depth",combined,Bphi,1.714e+00,1.000e+02,1.500e+02,8.614e+00,1.830e-01,1.830e-01
"3 real, depth",combined,Br,2.876e-02,3.000e+02,1.500e+02,4.340e+00,2.929e-03,2.929e-03
"3 real, depth",combined,Btheta,2.186e-02,3.000e+02,1.500e+02,3.104e+00,2.950e-03,2.950e-03
"3 real, depth",combined,Bphi,1.921e-02,3.000e+02,1.500e+02,2.833e+00,3.033e-03,3.033e-03
"3 real, depth",combined,Br,2.401e-01,1.000e+02,3.000e+02,1.323e+01,1.724e-02,1.685e-02
"3 real, depth",combined,Btheta,2.051e-01,1.000e+02,3.000e+02,9.720e+00,1.748e-02,1.712e-02
"3 real, depth",combined,Bphi,2.094e-01,1.000e+02,3.000e+02,8.614e+00,1.844e-02,1.797e-02
"3 real, depth",combined,Br,2.226e-05,3.000e+02,3.000e+02,4.340e+00,3.008e-06,3.008e-06
"3 real, depth",combined,Btheta,3.159e-05,3.000e+02,3.000e+02,3.104e+00,3.172e-06,3.171e-06
"3 real, depth",combined,Bphi,2.495e-05,3.000e+02,3.000e+02,2.833e+00,3.208e-06,3.207e-06
"3 real, depth",combined,Br,4.603e-02,1.000e+02,4.000e+02,1.323e+01,3.733e-03,0.000e+00
"3 real, depth",combined,Btheta,3.091e-02,1.000e+02,4.000e+02,9.720e+00,3.556e-03,0.000e+00
"3 real, depth",combined,Bphi,4.508e-02,1.000e+02,4.000e+02,8.614e+00,4.064e-03,0.000e+00
"3 real, depth",combined,Br,3.608e-07,3.000e+02,4.000e+02,4.340e+00,3.173e-08,0.000e+00
"3 real, depth",combined,Btheta,2.761e-07,3.000e+02,4.000e+02,3.104e+00,3.106e-08,0.000e+00
"3 real, depth",combined,Bphi,3.410e-07,3.000e+02,4.000e+02,2.833e+00,3.433e-08,0.000e+00
