case,part,l,rel_rms
"2 real, sphere",remanent,1,3.198e-15
"2 real, sphere",remanent,2,2.180e-15
"2 real, sphere",remanent,3,8.334e-16
"2 real, sphere",remanent,4,1.246e-15
"2 real, sphere",remanent,5,3.242e-15
"2 real, sphere",remanent,6,1.240e-15
"2 real, sphere",remanent,7,2.276e-15
"2 real, sphere",remanent,8,1.886e-15
"2 real, sphere",remanent,9,2.020e-15
"2 real, sphere",remanent,10,2.734e-15
"2 real, sphere",remanent,11,2.298e-15
"2 real, sphere",remanent,12,1.562e-15
"2 real, sphere",remanent,13,2.527e-15
"2 real, sphere",remanent,14,2.495e-15
"2 real, sphere",remanent,15,2.323e-15
"2 real, sphere",remanent,16,2.336e-15
"2 real, sphere",remanent,17,2.562e-15
"2 real, sphere",remanent,18,2.590e-15
"2 real, sphere",remanent,19,2.895e-15
"2 real, sphere",remanent,20,2.650e-15
"2 real, sphere",remanent,21,3.176e-15
"2 real, sphere",remanent,22,3.139e-15
"2 real, sphere",remanent,23,2.595e-15
"2 real, sphere",remanent,24,3.704e-15
"2 real, sphere",remanent,25,3.722e-15
"2 real, sphere",remanent,26,2.555e-15
"2 real, sphere",remanent,27,4.182e-15
"2 real, sphere",remanent,28,3.320e-15
"2 real, sphere",remanent,29,4.238e-15
"2 real, sphere",remanent,30,3.505e-15
"2 real, sphere",remanent,31,3.503e-15
"2 real, sphere",remanent,32,3.568e-15
"2 real, sphere",remanent,33,4.153e-15
"2 real, sphere",remanent,34,3.353e-15
"2 real, sphere",remanent,35,4.101e-15
"2 real, sphere",remanent,36,4.622e-15
"2 real, sphere",remanent,37,3.566e-15
"2 real, sphere",remanent,38,4.263e-15
"2 real, sphere",remanent,39,3.773e-15
"2 real, sphere",remanent,40,5.140e-15
"2 real, sphere",remanent,41,4.979e-15
"2 real, sphere",remanent,42,5.312e-15
"2 real, sphere",remanent,43,5.290e-15
"2 real, sphere",remanent,44,5.149e-15
"2 real, sphere",remanent,45,4.890e-15
"2 real, sphere",remanent,46,6.084e-15
"2 real, sphere",remanent,47,6.358e-15
"2 real, sphere",remanent,48,5.203e-15
"2 real, sphere",remanent,49,4.906e-15
"2 real, sphere",remanent,50,5.509e-15
"2 real, sphere",remanent,51,5.877e-15
"2 real, sphere",remanent,52,7.146e-15
"2 real, sphere",remanent,53,6.467e-15
"2 real, sphere",remanent,54,5.384e-15
"2 real, sphere",remanent,55,5.602e-15
"2 real, sphere",remanent,56,6.577e-15
"2 real, sphere",remanent,57,6.565e-15
"2 real, sphere",remanent,58,5.850e-15
"2 real, sphere",remanent,59,6.934e-15
"2 real, sphere",remanent,60,7.970e-15
"2 real, sphere",remanent,61,8.000e-15
"2 real, sphere",remanent,62,7.800e-15
"2 real, sphere",remanent,63,7.348e-15
"2 real, sphere",remanent,64,7.392e-15
"2 real, sphere",remanent,65,6.572e-15
"2 real, sphere",remanent,66,7.617e-15
"2 real, sphere",remanent,67,6.572e-15
"2 real, sphere",remanent,68,7.464e-15
"2 real, sphere",remanent,69,7.989e-15
"2 real, sphere",remanent,70,8.434e-15
"2 real, sphere",remanent,71,7.726e-15
"2 real, sphere",remanent,72,8.183e-15
"2 real, sphere",remanent,73,8.319e-15
"2 real, sphere",remanent,74,8.004e-15
"2 real, sphere",remanent,75,9.953e-15
"2 real, sphere",remanent,76,8.465e-15
"2 real, sphere",remanent,77,7.957e-15
"2 real, sphere",remanent,78,7.806e-15
"2 real, sphere",remanent,79,9.972e-15
"2 real, sphere",remanent,80,8.407e-15
"2 real, sphere",remanent,81,9.403e-15
"2 real, sphere",remanent,82,9.259e-15
"2 real, sphere",remanent,83,8.791e-15
"2 real, sphere",remanent,84,9.739e-15
"2 real, sphere",remanent,85,9.274e-15
"2 real, sphere",remanent,86,8.825e-15
"2 real, sphere",remanent,87,9.297e-15
"2 real, sphere",remanent,88,1.024e-14
"2 real, sphere",remanent,89,1.098e-14
"2 real, sphere",remanent,90,1.001e-14
"2 real, sphere",remanent,91,9.721e-15
"2 real, sphere",remanent,92,1.133e-14
"2 real, sphere",remanent,93,1.071e-14
"2 real, sphere",remanent,94,1.069e-14
"2 real, sphere",remanent,95,1.258e-14
"2 real, sphere",remanent,96,1.126e-14
"2 real, sphere",remanent,97,1.023e-14
"2 real, sphere",remanent,98,1.229e-14
"2 real, sphere",remanent,99,1.228e-14
"2 real, sphere",remanent,100,1.087e-14
"2 real, sphere",remanent,101,1.285e-14
"2 real, sphere",remanent,102,1.077e-14
"2 real, sphere",remanent,103,1.183e-14
"2 real, sphere",remanent,104,1.047e-14
"2 real, sphere",remanent,105,1.126e-14
"2 real, sphere",remanent,106,1.165e-14
"2 real, sphere",remanent,107,1.140e-14
"2 real, sphere",remanent,108,1.204e-14
"2 real, sphere",remanent,109,1.211e-14
"2 real, sphere",remanent,110,1.220e-14
"2 real, sphere",remanent,111,1.074e-14
"2 real, sphere",remanent,112,1.109e-14
"2 real, sphere",remanent,113,1.256e-14
"2 real, sphere",remanent,114,1.521e-14
"2 real, sphere",remanent,115,1.348e-14
"2 real, sphere",remanent,116,1.254e-14
"2 real, sphere",remanent,117,1.160e-14
"2 real, sphere",remanent,118,1.231e-14
"2 real, sphere",remanent,119,1.383e-14
"2 real, sphere",remanent,120,1.483e-14
"2 real, sphere",remanent,121,1.443e-14
"2 real, sphere",remanent,122,1.337e-14
"2 real, sphere",remanent,123,1.322e-14
"2 real, sphere",remanent,124,1.391e-14
"2 real, sphere",remanent,125,1.412e-14
"2 real, sphere",remanent,126,1.394e-14
"2 real, sphere",remanent,127,1.421e-14
"2 real, sphere",remanent,128,1.411e-14
"2 real, sphere",remanent,129,1.461e-14
"2 real, sphere",remanent,130,1.503e-14
"2 real, sphere",remanent,131,1.501e-14
"2 real, sphere",remanent,132,1.643e-14
"2 real, sphere",remanent,133,1.549e-14
"2 real, sphere",remanent,134,1.543e-14
"2 real, sphere",remanent,135,1.536e-14
"2 real, sphere",remanent,136,1.438e-14
"2 real, sphere",remanent,137,1.569e-14
"2 real, sphere",remanent,138,1.595e-14
"2 real, sphere",remanent,139,1.498e-14
"2 real, sphere",remanent,140,1.767e-14
"2 real, sphere",remanent,141,1.671e-14
"2 real, sphere",remanent,142,1.732e-14
"2 real, sphere",remanent,143,1.786e-14
"2 real, sphere",remanent,144,1.799e-14
"2 real, sphere",remanent,145,1.777e-14
"2 real, sphere",remanent,146,1.677e-14
"2 real, sphere",remanent,147,1.640e-14
"2 real, sphere",remanent,148,1.782e-14
"2 real, sphere",remanent,149,1.937e-14
"2 real, sphere",remanent,150,1.860e-14
"2 real, sphere",remanent,151,2.047e-14
"2 real, sphere",remanent,152,1.949e-14
"2 real, sphere",remanent,153,2.207e-14
"2 real, sphere",remanent,154,2.526e-14
"2 real, sphere",remanent,155,2.668e-14
"2 real, sphere",remanent,156,2.791e-14
"2 real, sphere",remanent,157,3.214e-14
"2 real, sphere",remanent,158,3.250e-14
"2 real, sphere",remanent,159,3.514e-14
"2 real, sphere",remanent,160,3.342e-14
"2 real, sphere",remanent,161,3.406e-14
"2 real, sphere",remanent,162,3.517e-14
"2 real, sphere",remanent,163,3.224e-14
"2 real, sphere",remanent,164,3.368e-14
"2 real, sphere",remanent,165,3.226e-14
"2 real, sphere",remanent,166,3.513e-14
"2 real, sphere",remanent,167,3.415e-14
"2 real, sphere",remanent,168,2.854e-14
"2 real, sphere",remanent,169,3.251e-14
"2 real, sphere",remanent,170,3.039e-14
"2 real, sphere",remanent,171,2.853e-14
"2 real, sphere",remanent,172,3.139e-14
"2 real, sphere",remanent,173,3.114e-14
"2 real, sphere",remanent,174,3.086e-14
"2 real, sphere",remanent,175,3.250e-14
"2 real, sphere",remanent,176,3.326e-14
"2 real, sphere",remanent,177,3.114e-14
"2 real, sphere",remanent,178,3.409e-14
"2 real, sphere",remanent,179,3.369e-14
"2 real, sphere",remanent,180,3.198e-14
"2 real, sphere",remanent,181,3.338e-14
"2 real, sphere",remanent,182,3.429e-14
"2 real, sphere",remanent,183,3.431e-14
"2 real, sphere",remanent,184,3.474e-14
"2 real, sphere",remanent,185,3.720e-14
"2 real, sphere",remanent,186,3.808e-14
"2 real, sphere",remanent,187,3.459e-14
"2 real, sphere",remanent,188,3.415e-14
"2 real, sphere",remanent,189,3.384e-14
"2 real, sphere",remanent,190,3.488e-14
"2 real, sphere",remanent,191,3.579e-14
"2 real, sphere",remanent,192,3.453e-14
"2 real, sphere",remanent,193,3.121e-14
"2 real, sphere",remanent,194,3.695e-14
"2 real, sphere",remanent,195,3.470e-14
"2 real, sphere",remanent,196,3.390e-14
"2 real, sphere",remanent,197,3.332e-14
"2 real, sphere",remanent,198,3.240e-14
"2 real, sphere",remanent,199,3.172e-14
"2 real, sphere",remanent,200,3.188e-14
"2 real, sphere",remanent,201,3.437e-14
"2 real, sphere",remanent,202,3.441e-14
"2 real, sphere",remanent,203,3.468e-14
"2 real, sphere",remanent,204,3.540e-14
"2 real, sphere",remanent,205,3.643e-14
"2 real, sphere",remanent,206,3.393e-14
"2 real, sphere",remanent,207,3.396e-14
"2 real, sphere",remanent,208,3.552e-14
"2 real, sphere",remanent,209,3.253e-14
"2 real, sphere",remanent,210,3.658e-14
"2 real, sphere",remanent,211,3.837e-14
"2 real, sphere",remanent,212,3.534e-14
"2 real, sphere",remanent,213,3.335e-14
"2 real, sphere",remanent,214,3.590e-14
"2 real, sphere",remanent,215,3.417e-14
"2 real, sphere",remanent,216,3.380e-14
"2 real, sphere",remanent,217,3.267e-14
"2 real, sphere",remanent,218,3.285e-14
"2 real, sphere",remanent,219,3.291e-14
"2 real, sphere",remanent,220,3.345e-14
"2 real, sphere",remanent,221,3.364e-14
"2 real, sphere",remanent,222,3.335e-14
"2 real, sphere",remanent,223,3.458e-14
"2 real, sphere",remanent,224,3.664e-14
"2 real, sphere",remanent,225,3.505e-14
"2 real, sphere",remanent,226,3.658e-14
"2 real, sphere",remanent,227,3.361e-14
"2 real, sphere",remanent,228,3.680e-14
"2 real, sphere",remanent,229,3.643e-14
"2 real, sphere",remanent,230,3.683e-14
"2 real, sphere",remanent,231,3.765e-14
"2 real, sphere",remanent,232,3.839e-14
"2 real, sphere",remanent,233,3.730e-14
"2 real, sphere",remanent,234,3.583e-14
"2 real, sphere",remanent,235,3.934e-14
"2 real, sphere",remanent,236,3.915e-14
"2 real, sphere",remanent,237,3.730e-14
"2 real, sphere",remanent,238,4.016e-14
"2 real, sphere",remanent,239,3.972e-14
"2 real, sphere",remanent,240,4.021e-14
"2 real, sphere",remanent,241,4.053e-14
"2 real, sphere",remanent,242,3.960e-14
"2 real, sphere",remanent,243,3.591e-14
"2 real, sphere",remanent,244,3.744e-14
"2 real, sphere",remanent,245,4.139e-14
"2 real, sphere",remanent,246,4.151e-14
"2 real, sphere",remanent,247,3.869e-14
"2 real, sphere",remanent,248,4.049e-14
"2 real, sphere",remanent,249,4.128e-14
"2 real, sphere",remanent,250,4.139e-14
"2 real, sphere",remanent,251,4.084e-14
"2 real, sphere",remanent,252,4.059e-14
"2 real, sphere",remanent,253,4.074e-14
"2 real, sphere",remanent,254,3.977e-14
"2 real, sphere",remanent,255,4.076e-14
"2 real, sphere",remanent,256,4.234e-14
"2 real, sphere",remanent,257,4.312e-14
"2 real, sphere",remanent,258,3.940e-14
"2 real, sphere",remanent,259,4.135e-14
"2 real, sphere",remanent,260,4.276e-14
"2 real, sphere",remanent,261,4.498e-14
"2 real, sphere",remanent,262,4.731e-14
"2 real, sphere",remanent,263,4.341e-14
"2 real, sphere",remanent,264,4.286e-14
"2 real, sphere",remanent,265,4.201e-14
"2 real, sphere",remanent,266,4.179e-14
"2 real, sphere",remanent,267,4.475e-14
"2 real, sphere",remanent,268,5.232e-14
"2 real, sphere",remanent,269,4.519e-14
"2 real, sphere",remanent,270,4.437e-14
"2 real, sphere",remanent,271,4.481e-14
"2 real, sphere",remanent,272,4.578e-14
"2 real, sphere",remanent,273,4.476e-14
"2 real, sphere",remanent,274,4.593e-14
"2 real, sphere",remanent,275,4.562e-14
"2 real, sphere",remanent,276,4.500e-14
"2 real, sphere",remanent,277,4.885e-14
"2 real, sphere",remanent,278,4.961e-14
"2 real, sphere",remanent,279,4.800e-14
"2 real, sphere",remanent,280,4.593e-14
"2 real, sphere",remanent,281,4.518e-14
"2 real, sphere",remanent,282,4.545e-14
"2 real, sphere",remanent,283,4.834e-14
"2 real, sphere",remanent,284,4.973e-14
"2 real, sphere",remanent,285,5.106e-14
"2 real, sphere",remanent,286,4.764e-14
"2 real, sphere",remanent,287,4.421e-14
"2 real, sphere",remanent,288,5.124e-14
"2 real, sphere",remanent,289,4.564e-14
"2 real, sphere",remanent,290,4.483e-14
"2 real, sphere",remanent,291,5.159e-14
"2 real, sphere",remanent,292,5.086e-14
"2 real, sphere",remanent,293,4.751e-14
"2 real, sphere",remanent,294,4.624e-14
"2 real, sphere",remanent,295,4.771e-14
"2 real, sphere",remanent,296,4.810e-14
"2 real, sphere",remanent,297,4.868e-14
"2 real, sphere",remanent,298,5.300e-14
"2 real, sphere",remanent,299,5.137e-14
"2 real, sphere",remanent,300,4.935e-14
"2 real, sphere",remanent,301,4.625e-14
"2 real, sphere",remanent,302,5.223e-14
"2 real, sphere",remanent,303,5.752e-14
"2 real, sphere",remanent,304,5.481e-14
"2 real, sphere",remanent,305,5.716e-14
"2 real, sphere",remanent,306,5.229e-14
"2 real, sphere",remanent,307,5.767e-14
"2 real, sphere",remanent,308,5.666e-14
"2 real, sphere",remanent,309,6.057e-14
"2 real, sphere",remanent,310,6.026e-14
"2 real, sphere",remanent,311,5.946e-14
"2 real, sphere",remanent,312,6.491e-14
"2 real, sphere",remanent,313,6.487e-14
"2 real, sphere",remanent,314,6.108e-14
"2 real, sphere",remanent,315,5.886e-14
"2 real, sphere",remanent,316,5.998e-14
"2 real, sphere",remanent,317,6.783e-14
"2 real, sphere",remanent,318,6.668e-14
"2 real, sphere",remanent,319,6.590e-14
"2 real, sphere",remanent,320,7.338e-14
"2 real, sphere",remanent,321,7.191e-14
"2 real, sphere",remanent,322,6.622e-14
"2 real, sphere",remanent,323,7.069e-14
"2 real, sphere",remanent,324,7.771e-14
"2 real, sphere",remanent,325,6.765e-14
"2 real, sphere",remanent,326,6.521e-14
"2 real, sphere",remanent,327,6.877e-14
"2 real, sphere",remanent,328,6.669e-14
"2 real, sphere",remanent,329,6.340e-14
"2 real, sphere",remanent,330,6.220e-14
"2 real, sphere",remanent,331,6.344e-14
"2 real, sphere",remanent,332,6.378e-14
"2 real, sphere",remanent,333,6.482e-14
"2 real, sphere",remanent,334,6.434e-14
"2 real, sphere",remanent,335,5.668e-14
"2 real, sphere",remanent,336,6.135e-14
"2 real, sphere",remanent,337,6.076e-14
"2 real, sphere",remanent,338,6.688e-14
"2 real, sphere",remanent,339,5.861e-14
"2 real, sphere",remanent,340,6.103e-14
"2 real, sphere",remanent,341,6.334e-14
"2 real, sphere",remanent,342,6.252e-14
"2 real, sphere",remanent,343,6.025e-14
"2 real, sphere",remanent,344,6.583e-14
"2 real, sphere",remanent,345,6.863e-14
"2 real, sphere",remanent,346,6.537e-14
"2 real, sphere",remanent,347,6.236e-14
"2 real, sphere",remanent,348,6.040e-14
"2 real, sphere",remanent,349,5.909e-14
"2 real, sphere",remanent,350,6.482e-14
"2 real, sphere",remanent,351,5.911e-14
"2 real, sphere",remanent,352,6.469e-14
"2 real, sphere",remanent,353,6.071e-14
"2 real, sphere",remanent,354,6.893e-14
"2 real, sphere",remanent,355,6.339e-14
"2 real, sphere",remanent,356,6.850e-14
"2 real, sphere",remanent,357,6.535e-14
"2 real, sphere",remanent,358,7.057e-14
"2 real, sphere",remanent,359,6.050e-14
"2 real, sphere",remanent,360,6.518e-14
"2 real, sphere",remanent,361,6.485e-14
"2 real, sphere",remanent,362,7.180e-14
"2 real, sphere",remanent,363,6.564e-14
"2 real, sphere",remanent,364,7.348e-14
"2 real, sphere",remanent,365,6.836e-14
"2 real, sphere",remanent,366,7.268e-14
"2 real, sphere",remanent,367,6.610e-14
"2 real, sphere",remanent,368,7.177e-14
"2 real, sphere",remanent,369,6.690e-14
"2 real, sphere",remanent,370,7.176e-14
"2 real, sphere",remanent,371,6.429e-14
"2 real, sphere",remanent,372,6.869e-14
"2 real, sphere",remanent,373,6.718e-14
"2 real, sphere",remanent,374,6.874e-14
"2 real, sphere",remanent,375,6.573e-14
"2 real, sphere",remanent,376,6.753e-14
"2 real, sphere",remanent,377,6.582e-14
"2 real, sphere",remanent,378,6.588e-14
"2 real, sphere",remanent,379,6.283e-14
"2 real, sphere",remanent,380,6.705e-14
"2 real, sphere",remanent,381,6.397e-14
"2 real, sphere",remanent,382,6.627e-14
"2 real, sphere",remanent,383,6.669e-14
"2 real, sphere",remanent,384,6.846e-14
"2 real, sphere",remanent,385,6.464e-14
"2 real, sphere",remanent,386,6.604e-14
"2 real, sphere",remanent,387,6.803e-14
"2 real, sphere",remanent,388,6.604e-14
"2 real, sphere",remanent,389,6.697e-14
"2 real, sphere",remanent,390,6.646e-14
"2 real, sphere",remanent,391,6.736e-14
"2 real, sphere",remanent,392,6.873e-14
"2 real, sphere",remanent,393,7.200e-14
"2 real, sphere",remanent,394,6.612e-14
"2 real, sphere",remanent,395,6.790e-14
"2 real, sphere",remanent,396,6.706e-14
"2 real, sphere",remanent,397,7.047e-14
"2 real, sphere",remanent,398,6.913e-14
"2 real, sphere",remanent,399,6.473e-14
"2 real, sphere",remanent,400,6.816e-14
"2 real, sphere",induced,1,3.242e-14
"2 real, sphere",induced,2,2.846e-15
"2 real, sphere",induced,3,6.458e-15
"2 real, sphere",induced,4,3.440e-15
"2 real, sphere",induced,5,4.847e-15
"2 real, sphere",induced,6,4.349e-15
"2 real, sphere",induced,7,2.698e-15
"2 real, sphere",induced,8,4.651e-15
"2 real, sphere",induced,9,5.414e-15
"2 real, sphere",induced,10,2.639e-15
"2 real, sphere",induced,11,3.657e-15
"2 real, sphere",induced,12,3.811e-15
"2 real, sphere",induced,13,2.224e-15
"2 real, sphere",induced,14,3.302e-15
"2 real, sphere",induced,15,3.046e-15
"2 real, sphere",induced,16,3.226e-15
"2 real, sphere",induced,17,5.330e-15
"2 real, sphere",induced,18,2.948e-15
"2 real, sphere",induced,19,3.348e-15
"2 real, sphere",induced,20,4.417e-15
"2 real, sphere",induced,21,3.554e-15
"2 real, sphere",induced,22,4.116e-15
"2 real, sphere",induced,23,3.226e-15
"2 real, sphere",induced,24,3.397e-15
"2 real, sphere",induced,25,3.682e-15
"2 real, sphere",induced,26,3.233e-15
"2 real, sphere",induced,27,3.886e-15
"2 real, sphere",induced,28,4.088e-15
"2 real, sphere",induced,29,3.578e-15
"2 real, sphere",induced,30,4.712e-15
"2 real, sphere",induced,31,3.983e-15
"2 real, sphere",induced,32,3.082e-15
"2 real, sphere",induced,33,4.058e-15
"2 real, sphere",induced,34,4.527e-15
"2 real, sphere",induced,35,4.913e-15
"2 real, sphere",induced,36,4.183e-15
"2 real, sphere",induced,37,5.551e-15
"2 real, sphere",induced,38,4.163e-15
"2 real, sphere",induced,39,5.367e-15
"2 real, sphere",induced,40,6.188e-15
"2 real, sphere",induced,41,4.506e-15
"2 real, sphere",induced,42,4.226e-15
"2 real, sphere",induced,43,5.496e-15
"2 real, sphere",induced,44,5.095e-15
"2 real, sphere",induced,45,6.438e-15
"2 real, sphere",induced,46,6.666e-15
"2 real, sphere",induced,47,6.032e-15
"2 real, sphere",induced,48,6.975e-15
"2 real, sphere",induced,49,6.657e-15
"2 real, sphere",induced,50,6.743e-15
"2 real, sphere",induced,51,7.158e-15
"2 real, sphere",induced,52,7.787e-15
"2 real, sphere",induced,53,6.370e-15
"2 real, sphere",induced,54,8.152e-15
"2 real, sphere",induced,55,7.804e-15
"2 real, sphere",induced,56,7.203e-15
"2 real, sphere",induced,57,7.374e-15
"2 real, sphere",induced,58,7.696e-15
"2 real, sphere",induced,59,6.733e-15
"2 real, sphere",induced,60,8.890e-15
"2 real, sphere",induced,61,7.370e-15
"2 real, sphere",induced,62,8.281e-15
"2 real, sphere",induced,63,8.078e-15
"2 real, sphere",induced,64,7.361e-15
"2 real, sphere",induced,65,9.354e-15
"2 real, sphere",induced,66,8.915e-15
"2 real, sphere",induced,67,8.238e-15
"2 real, sphere",induced,68,1.025e-14
"2 real, sphere",induced,69,8.844e-15
"2 real, sphere",induced,70,9.771e-15
"2 real, sphere",induced,71,7.988e-15
"2 real, sphere",induced,72,8.356e-15
"2 real, sphere",induced,73,9.490e-15
"2 real, sphere",induced,74,1.009e-14
"2 real, sphere",induced,75,9.495e-15
"2 real, sphere",induced,76,9.720e-15
"2 real, sphere",induced,77,1.086e-14
"2 real, sphere",induced,78,1.125e-14
"2 real, sphere",induced,79,1.095e-14
"2 real, sphere",induced,80,9.067e-15
"2 real, sphere",induced,81,1.107e-14
"2 real, sphere",induced,82,1.133e-14
"2 real, sphere",induced,83,1.045e-14
"2 real, sphere",induced,84,1.189e-14
"2 real, sphere",induced,85,1.176e-14
"2 real, sphere",induced,86,1.243e-14
"2 real, sphere",induced,87,1.087e-14
"2 real, sphere",induced,88,1.342e-14
"2 real, sphere",induced,89,1.104e-14
"2 real, sphere",induced,90,1.294e-14
"2 real, sphere",induced,91,1.317e-14
"2 real, sphere",induced,92,1.275e-14
"2 real, sphere",induced,93,1.210e-14
"2 real, sphere",induced,94,1.339e-14
"2 real, sphere",induced,95,1.361e-14
"2 real, sphere",induced,96,1.304e-14
"2 real, sphere",induced,97,1.506e-14
"2 real, sphere",induced,98,1.482e-14
"2 real, sphere",induced,99,1.497e-14
"2 real, sphere",induced,100,1.630e-14
"2 real, sphere",induced,101,1.486e-14
"2 real, sphere",induced,102,1.503e-14
"2 real, sphere",induced,103,1.370e-14
"2 real, sphere",induced,104,1.430e-14
"2 real, sphere",induced,105,1.430e-14
"2 real, sphere",induced,106,1.515e-14
"2 real, sphere",induced,107,1.513e-14
"2 real, sphere",induced,108,1.455e-14
"2 real, sphere",induced,109,1.453e-14
"2 real, sphere",induced,110,1.395e-14
"2 real, sphere",induced,111,1.504e-14
"2 real, sphere",induced,112,1.645e-14
"2 real, sphere",induced,113,1.525e-14
"2 real, sphere",induced,114,1.414e-14
"2 real, sphere",induced,115,1.542e-14
"2 real, sphere",induced,116,1.721e-14
"2 real, sphere",induced,117,1.974e-14
"2 real, sphere",induced,118,1.532e-14
"2 real, sphere",induced,119,1.910e-14
"2 real, sphere",induced,120,1.766e-14
"2 real, sphere",induced,121,1.962e-14
"2 real, sphere",induced,122,1.843e-14
"2 real, sphere",induced,123,1.927e-14
"2 real, sphere",induced,124,1.983e-14
"2 real, sphere",induced,125,1.966e-14
"2 real, sphere",induced,126,1.875e-14
"2 real, sphere",induced,127,1.893e-14
"2 real, sphere",induced,128,1.893e-14
"2 real, sphere",induced,129,1.899e-14
"2 real, sphere",induced,130,2.077e-14
"2 real, sphere",induced,131,1.805e-14
"2 real, sphere",induced,132,1.891e-14
"2 real, sphere",induced,133,2.057e-14
"2 real, sphere",induced,134,2.083e-14
"2 real, sphere",induced,135,2.079e-14
"2 real, sphere",induced,136,2.350e-14
"2 real, sphere",induced,137,2.126e-14
"2 real, sphere",induced,138,2.221e-14
"2 real, sphere",induced,139,2.249e-14
"2 real, sphere",induced,140,2.247e-14
"2 real, sphere",induced,141,2.101e-14
"2 real, sphere",induced,142,2.647e-14
"2 real, sphere",induced,143,2.464e-14
"2 real, sphere",induced,144,2.570e-14
"2 real, sphere",induced,145,2.688e-14
"2 real, sphere",induced,146,2.866e-14
"2 real, sphere",induced,147,2.517e-14
"2 real, sphere",induced,148,2.867e-14
"2 real, sphere",induced,149,2.724e-14
"2 real, sphere",induced,150,2.583e-14
"2 real, sphere",induced,151,2.665e-14
"2 real, sphere",induced,152,3.127e-14
"2 real, sphere",induced,153,3.131e-14
"2 real, sphere",induced,154,3.119e-14
"2 real, sphere",induced,155,3.281e-14
"2 real, sphere",induced,156,3.029e-14
"2 real, sphere",induced,157,4.750e-14
"2 real, sphere",induced,158,5.379e-14
"2 real, sphere",induced,159,4.998e-14
"2 real, sphere",induced,160,6.281e-14
"2 real, sphere",induced,161,3.864e-14
"2 real, sphere",induced,162,6.218e-14
"2 real, sphere",induced,163,5.308e-14
"2 real, sphere",induced,164,6.628e-14
"2 real, sphere",induced,165,5.374e-14
"2 real, sphere",induced,166,7.344e-14
"2 real, sphere",induced,167,5.781e-14
"2 real, sphere",induced,168,7.629e-14
"2 real, sphere",induced,169,5.574e-14
"2 real, sphere",induced,170,7.427e-14
"2 real, sphere",induced,171,5.785e-14
"2 real, sphere",induced,172,8.392e-14
"2 real, sphere",induced,173,5.574e-14
"2 real, sphere",induced,174,8.259e-14
"2 real, sphere",induced,175,5.672e-14
"2 real, sphere",induced,176,7.925e-14
"2 real, sphere",induced,177,6.224e-14
"2 real, sphere",induced,178,7.961e-14
"2 real, sphere",induced,179,5.915e-14
"2 real, sphere",induced,180,8.014e-14
"2 real, sphere",induced,181,6.155e-14
"2 real, sphere",induced,182,8.255e-14
"2 real, sphere",induced,183,5.859e-14
"2 real, sphere",induced,184,7.818e-14
"2 real, sphere",induced,185,6.191e-14
"2 real, sphere",induced,186,7.209e-14
"2 real, sphere",induced,187,6.439e-14
"2 real, sphere",induced,188,8.409e-14
"2 real, sphere",induced,189,5.912e-14
"2 real, sphere",induced,190,8.579e-14
"2 real, sphere",induced,191,6.414e-14
"2 real, sphere",induced,192,8.687e-14
"2 real, sphere",induced,193,7.029e-14
"2 real, sphere",induced,194,8.764e-14
"2 real, sphere",induced,195,7.766e-14
"2 real, sphere",induced,196,8.818e-14
"2 real, sphere",induced,197,7.682e-14
"2 real, sphere",induced,198,8.871e-14
"2 real, sphere",induced,199,8.150e-14
"2 real, sphere",induced,200,9.850e-14
"2 real, sphere",induced,201,7.390e-14
"2 real, sphere",induced,202,9.093e-14
"2 real, sphere",induced,203,7.462e-14
"2 real, sphere",induced,204,9.484e-14
"2 real, sphere",induced,205,8.380e-14
"2 real, sphere",induced,206,9.219e-14
"2 real, sphere",induced,207,7.701e-14
"2 real, sphere",induced,208,9.931e-14
"2 real, sphere",induced,209,7.553e-14
"2 real, sphere",induced,210,9.130e-14
"2 real, sphere",induced,211,7.333e-14
"2 real, sphere",induced,212,9.349e-14
"2 real, sphere",induced,213,7.604e-14
"2 real, sphere",induced,214,8.901e-14
"2 real, sphere",induced,215,7.154e-14
"2 real, sphere",induced,216,9.277e-14
"2 real, sphere",induced,217,7.370e-14
"2 real, sphere",induced,218,8.774e-14
"2 real, sphere",induced,219,7.743e-14
"2 real, sphere",induced,220,9.290e-14
"2 real, sphere",induced,221,8.648e-14
"2 real, sphere",induced,222,8.847e-14
"2 real, sphere",induced,223,7.815e-14
"2 real, sphere",induced,224,9.167e-14
"2 real, sphere",induced,225,8.489e-14
"2 real, sphere",induced,226,9.836e-14
"2 real, sphere",induced,227,7.686e-14
"2 real, sphere",induced,228,9.612e-14
"2 real, sphere",induced,229,8.364e-14
"2 real, sphere",induced,230,9.069e-14
"2 real, sphere",induced,231,8.087e-14
"2 real, sphere",induced,232,9.416e-14
"2 real, sphere",induced,233,7.735e-14
"2 real, sphere",induced,234,9.070e-14
"2 real, sphere",induced,235,8.345e-14
"2 real, sphere",induced,236,9.111e-14
"2 real, sphere",induced,237,8.040e-14
"2 real, sphere",induced,238,9.584e-14
"2 real, sphere",induced,239,8.250e-14
"2 real, sphere",induced,240,1.023e-13
"2 real, sphere",induced,241,8.492e-14
"2 real, sphere",induced,242,9.429e-14
"2 real, sphere",induced,243,9.413e-14
"2 real, sphere",induced,244,9.495e-14
"2 real, sphere",induced,245,8.691e-14
"2 real, sphere",induced,246,9.582e-14
"2 real, sphere",induced,247,8.897e-14
"2 real, sphere",induced,248,1.012e-13
"2 real, sphere",induced,249,8.688e-14
"2 real, sphere",induced,250,9.885e-14
"2 real, sphere",induced,251,9.205e-14
"2 real, sphere",induced,252,1.031e-13
"2 real, sphere",induced,253,9.342e-14
"2 real, sphere",induced,254,1.043e-13
"2 real, sphere",induced,255,9.624e-14
"2 real, sphere",induced,256,1.062e-13
"2 real, sphere",induced,257,9.800e-14
"2 real, sphere",induced,258,1.096e-13
"2 real, sphere",induced,259,1.026e-13
"2 real, sphere",induced,260,1.120e-13
"2 real, sphere",induced,261,9.959e-14
"2 real, sphere",induced,262,1.059e-13
"2 real, sphere",induced,263,9.669e-14
"2 real, sphere",induced,264,1.221e-13
"2 real, sphere",induced,265,9.621e-14
"2 real, sphere",induced,266,1.160e-13
"2 real, sphere",induced,267,1.152e-13
"2 real, sphere",induced,268,1.086e-13
"2 real, sphere",induced,269,1.156e-13
"2 real, sphere",induced,270,1.178e-13
"2 real, sphere",induced,271,1.083e-13
"2 real, sphere",induced,272,1.098e-13
"2 real, sphere",induced,273,1.130e-13
"2 real, sphere",induced,274,1.114e-13
"2 real, sphere",induced,275,1.205e-13
"2 real, sphere",induced,276,1.114e-13
"2 real, sphere",induced,277,1.221e-13
"2 real, sphere",induced,278,1.210e-13
"2 real, sphere",induced,279,1.281e-13
"2 real, sphere",induced,280,1.182e-13
"2 real, sphere",induced,281,1.285e-13
"2 real, sphere",induced,282,1.108e-13
"2 real, sphere",induced,283,1.337e-13
"2 real, sphere",induced,284,1.345e-13
"2 real, sphere",induced,285,1.277e-13
"2 real, sphere",induced,286,1.226e-13
"2 real, sphere",induced,287,1.301e-13
"2 real, sphere",induced,288,1.228e-13
"2 real, sphere",induced,289,1.270e-13
"2 real, sphere",induced,290,1.279e-13
"2 real, sphere",induced,291,1.303e-13
"2 real, sphere",induced,292,1.269e-13
"2 real, sphere",induced,293,1.317e-13
"2 real, sphere",induced,294,1.243e-13
"2 real, sphere",induced,295,1.357e-13
"2 real, sphere",induced,296,1.231e-13
"2 real, sphere",induced,297,1.404e-13
"2 real, sphere",induced,298,1.377e-13
"2 real, sphere",induced,299,1.398e-13
"2 real, sphere",induced,300,1.281e-13
"2 real, sphere",induced,301,1.398e-13
"2 real, sphere",induced,302,1.365e-13
"2 real, sphere",induced,303,1.404e-13
"2 real, sphere",induced,304,1.262e-13
"2 real, sphere",induced,305,1.458e-13
"2 real, sphere",induced,306,1.331e-13
"2 real, sphere",induced,307,1.476e-13
"2 real, sphere",induced,308,1.322e-13
"2 real, sphere",induced,309,1.457e-13
"2 real, sphere",induced,310,1.308e-13
"2 real, sphere",induced,311,1.515e-13
"2 real, sphere",induced,312,1.364e-13
"2 real, sphere",induced,313,1.488e-13
"2 real, sphere",induced,314,1.411e-13
"2 real, sphere",induced,315,1.550e-13
"2 real, sphere",induced,316,1.327e-13
"2 real, sphere",induced,317,1.595e-13
"2 real, sphere",induced,318,1.470e-13
"2 real, sphere",induced,319,1.718e-13
"2 real, sphere",induced,320,1.535e-13
"2 real, sphere",induced,321,1.702e-13
"2 real, sphere",induced,322,1.576e-13
"2 real, sphere",induced,323,1.633e-13
"2 real, sphere",induced,324,1.710e-13
"2 real, sphere",induced,325,1.797e-13
"2 real, sphere",induced,326,1.719e-13
"2 real, sphere",induced,327,1.777e-13
"2 real, sphere",induced,328,1.730e-13
"2 real, sphere",induced,329,1.843e-13
"2 real, sphere",induced,330,1.746e-13
"2 real, sphere",induced,331,1.872e-13
"2 real, sphere",induced,332,1.664e-13
"2 real, sphere",induced,333,1.872e-13
"2 real, sphere",induced,334,1.805e-13
"2 real, sphere",induced,335,1.950e-13
"2 real, sphere",induced,336,1.925e-13
"2 real, sphere",induced,337,1.988e-13
"2 real, sphere",induced,338,2.040e-13
"2 real, sphere",induced,339,2.181e-13
"2 real, sphere",induced,340,1.994e-13
"2 real, sphere",induced,341,2.100e-13
"2 real, sphere",induced,342,1.879e-13
"2 real, sphere",induced,343,2.159e-13
"2 real, sphere",induced,344,1.941e-13
"2 real, sphere",induced,345,2.133e-13
"2 real, sphere",induced,346,2.018e-13
"2 real, sphere",induced,347,2.123e-13
"2 real, sphere",induced,348,2.071e-13
"2 real, sphere",induced,349,2.278e-13
"2 real, sphere",induced,350,2.047e-13
"2 real, sphere",induced,351,2.183e-13
"2 real, sphere",induced,352,2.116e-13
"2 real, sphere",induced,353,2.199e-13
"2 real, sphere",induced,354,2.331e-13
"2 real, sphere",induced,355,2.142e-13
"2 real, sphere",induced,356,2.055e-13
"2 real, sphere",induced,357,2.125e-13
"2 real, sphere",induced,358,2.148e-13
"2 real, sphere",induced,359,2.291e-13
"2 real, sphere",induced,360,2.027e-13
"2 real, sphere",induced,361,2.210e-13
"2 real, sphere",induced,362,2.014e-13
"2 real, sphere",induced,363,2.143e-13
"2 real, sphere",induced,364,2.082e-13
"2 real, sphere",induced,365,2.172e-13
"2 real, sphere",induced,366,2.150e-13
"2 real, sphere",induced,367,2.303e-13
"2 real, sphere",induced,368,2.186e-13
"2 real, sphere",induced,369,2.126e-13
"2 real, sphere",induced,370,2.326e-13
"2 real, sphere",induced,371,2.198e-13
"2 real, sphere",induced,372,2.173e-13
"2 real, sphere",induced,373,2.248e-13
"2 real, sphere",induced,374,2.321e-13
"2 real, sphere",induced,375,2.326e-13
"2 real, sphere",induced,376,2.252e-13
"2 real, sphere",induced,377,2.230e-13
"2 real, sphere",induced,378,2.390e-13
"2 real, sphere",induced,379,2.190e-13
"2 real, sphere",induced,380,2.337e-13
"2 real, sphere",induced,381,2.313e-13
"2 real, sphere",induced,382,2.363e-13
"2 real, sphere",induced,383,2.378e-13
"2 real, sphere",induced,384,2.372e-13
"2 real, sphere",induced,385,2.335e-13
"2 real, sphere",induced,386,2.288e-13
"2 real, sphere",induced,387,2.397e-13
"2 real, sphere",induced,388,2.415e-13
"2 real, sphere",induced,389,2.507e-13
"2 real, sphere",induced,390,2.397e-13
"2 real, sphere",induced,391,2.417e-13
"2 real, sphere",induced,392,2.467e-13
"2 real, sphere",induced,393,2.466e-13
"2 real, sphere",induced,394,2.409e-13
"2 real, sphere",induced,395,2.357e-13
"2 real, sphere",induced,396,2.479e-13
"2 real, sphere",induced,397,2.433e-13
"2 real, sphere",induced,398,2.475e-13
"2 real, sphere",induced,399,2.382e-13
"2 real, sphere",induced,400,2.442e-13
"2 real, sphere",combined,1,6.151e-14
"2 real, sphere",combined,2,2.372e-15
"2 real, sphere",combined,3,6.500e-15
"2 real, sphere",combined,4,3.048e-15
"2 real, sphere",combined,5,4.368e-15
"2 real, sphere",combined,6,3.160e-15
"2 real, sphere",combined,7,2.702e-15
"2 real, sphere",combined,8,3.877e-15
"2 real, sphere",combined,9,4.752e-15
"2 real, sphere",combined,10,1.787e-15
"2 real, sphere",combined,11,3.531e-15
"2 real, sphere",combined,12,3.357e-15
"2 real, sphere",combined,13,2.543e-15
"2 real, sphere",combined,14,2.588e-15
"2 real, sphere",combined,15,2.964e-15
"2 real, sphere",combined,16,2.897e-15
"2 real, sphere",combined,17,3.980e-15
"2 real, sphere",combined,18,3.018e-15
"2 real, sphere",combined,19,3.472e-15
"2 real, sphere",combined,20,4.292e-15
"2 real, sphere",combined,21,3.411e-15
"2 real, sphere",combined,22,3.735e-15
"2 real, sphere",combined,23,2.915e-15
"2 real, sphere",combined,24,3.289e-15
"2 real, sphere",combined,25,3.842e-15
"2 real, sphere",combined,26,2.801e-15
"2 real, sphere",combined,27,3.617e-15
"2 real, sphere",combined,28,3.460e-15
"2 real, sphere",combined,29,3.891e-15
"2 real, sphere",combined,30,4.308e-15
"2 real, sphere",combined,31,4.242e-15
"2 real, sphere",combined,32,3.122e-15
"2 real, sphere",combined,33,3.940e-15
"2 real, sphere",combined,34,4.307e-15
"2 real, sphere",combined,35,4.590e-15
"2 real, sphere",combined,36,4.893e-15
"2 real, sphere",combined,37,5.345e-15
"2 real, sphere",combined,38,4.350e-15
"2 real, sphere",combined,39,5.240e-15
"2 real, sphere",combined,40,6.381e-15
"2 real, sphere",combined,41,4.979e-15
"2 real, sphere",combined,42,4.438e-15
"2 real, sphere",combined,43,4.982e-15
"2 real, sphere",combined,44,4.896e-15
"2 real, sphere",combined,45,6.163e-15
"2 real, sphere",combined,46,7.037e-15
"2 real, sphere",combined,47,5.526e-15
"2 real, sphere",combined,48,6.365e-15
"2 real, sphere",combined,49,6.307e-15
"2 real, sphere",combined,50,6.035e-15
"2 real, sphere",combined,51,6.703e-15
"2 real, sphere",combined,52,8.088e-15
"2 real, sphere",combined,53,6.129e-15
"2 real, sphere",combined,54,8.218e-15
"2 real, sphere",combined,55,6.678e-15
"2 real, sphere",combined,56,7.554e-15
"2 real, sphere",combined,57,7.691e-15
"2 real, sphere",combined,58,7.902e-15
"2 real, sphere",combined,59,6.111e-15
"2 real, sphere",combined,60,9.857e-15
"2 real, sphere",combined,61,7.497e-15
"2 real, sphere",combined,62,9.643e-15
"2 real, sphere",combined,63,8.348e-15
"2 real, sphere",combined,64,7.462e-15
"2 real, sphere",combined,65,8.670e-15
"2 real, sphere",combined,66,9.068e-15
"2 real, sphere",combined,67,7.397e-15
"2 real, sphere",combined,68,1.031e-14
"2 real, sphere",combined,69,8.687e-15
"2 real, sphere",combined,70,8.713e-15
"2 real, sphere",combined,71,8.392e-15
"2 real, sphere",combined,72,7.853e-15
"2 real, sphere",combined,73,9.126e-15
"2 real, sphere",combined,74,1.058e-14
"2 real, sphere",combined,75,8.821e-15
"2 real, sphere",combined,76,9.694e-15
"2 real, sphere",combined,77,1.009e-14
"2 real, sphere",combined,78,1.007e-14
"2 real, sphere",combined,79,1.068e-14
"2 real, sphere",combined,80,8.792e-15
"2 real, sphere",combined,81,1.101e-14
"2 real, sphere",combined,82,1.097e-14
"2 real, sphere",combined,83,9.939e-15
"2 real, sphere",combined,84,1.197e-14
"2 real, sphere",combined,85,1.112e-14
"2 real, sphere",combined,86,1.167e-14
"2 real, sphere",combined,87,9.758e-15
"2 real, sphere",combined,88,1.260e-14
"2 real, sphere",combined,89,1.149e-14
"2 real, sphere",combined,90,1.282e-14
"2 real, sphere",combined,91,1.190e-14
"2 real, sphere",combined,92,1.275e-14
"2 real, sphere",combined,93,1.137e-14
"2 real, sphere",combined,94,1.205e-14
"2 real, sphere",combined,95,1.378e-14
"2 real, sphere",combined,96,1.324e-14
"2 real, sphere",combined,97,1.290e-14
"2 real, sphere",combined,98,1.364e-14
"2 real, sphere",combined,99,1.459e-14
"2 real, sphere",combined,100,1.519e-14
"2 real, sphere",combined,101,1.455e-14
"2 real, sphere",combined,102,1.483e-14
"2 real, sphere",combined,103,1.359e-14
"2 real, sphere",combined,104,1.340e-14
"2 real, sphere",combined,105,1.356e-14
"2 real, sphere",combined,106,1.476e-14
"2 real, sphere",combined,107,1.354e-14
"2 real, sphere",combined,108,1.454e-14
"2 real, sphere",combined,109,1.377e-14
"2 real, sphere",combined,110,1.399e-14
"2 real, sphere",combined,111,1.339e-14
"2 real, sphere",combined,112,1.418e-14
"2 real, sphere",combined,113,1.517e-14
"2 real, sphere",combined,114,1.426e-14
"2 real, sphere",combined,115,1.578e-14
"2 real, sphere",combined,116,1.443e-14
"2 real, sphere",combined,117,1.614e-14
"2 real, sphere",combined,118,1.596e-14
"2 real, sphere",combined,119,1.763e-14
"2 real, sphere",combined,120,1.793e-14
"2 real, sphere",combined,121,1.676e-14
"2 real, sphere",combined,122,1.579e-14
"2 real, sphere",combined,123,1.708e-14
"2 real, sphere",combined,124,1.825e-14
"2 real, sphere",combined,125,1.807e-14
"2 real, sphere",combined,126,1.638e-14
"2 real, sphere",combined,127,1.847e-14
"2 real, sphere",combined,128,1.621e-14
"2 real, sphere",combined,129,1.654e-14
"2 real, sphere",combined,130,1.982e-14
"2 real, sphere",combined,131,1.661e-14
"2 real, sphere",combined,132,1.995e-14
"2 real, sphere",combined,133,1.742e-14
"2 real, sphere",combined,134,1.950e-14
"2 real, sphere",combined,135,1.963e-14
"2 real, sphere",combined,136,1.851e-14
"2 real, sphere",combined,137,1.987e-14
"2 real, sphere",combined,138,1.994e-14
"2 real, sphere",combined,139,1.956e-14
"2 real, sphere",combined,140,2.002e-14
"2 real, sphere",combined,141,1.953e-14
"2 real, sphere",combined,142,2.220e-14
"2 real, sphere",combined,143,2.075e-14
"2 real, sphere",combined,144,2.141e-14
"2 real, sphere",combined,145,2.249e-14
"2 real, sphere",combined,146,2.311e-14
"2 real, sphere",combined,147,2.199e-14
"2 real, sphere",combined,148,2.235e-14
"2 real, sphere",combined,149,2.232e-14
"2 real, sphere",combined,150,2.446e-14
"2 real, sphere",combined,151,2.443e-14
"2 real, sphere",combined,152,2.798e-14
"2 real, sphere",combined,153,3.011e-14
"2 real, sphere",combined,154,3.084e-14
"2 real, sphere",combined,155,2.883e-14
"2 real, sphere",combined,156,2.982e-14
"2 real, sphere",combined,157,4.323e-14
"2 real, sphere",combined,158,4.044e-14
"2 real, sphere",combined,159,4.720e-14
"2 real, sphere",combined,160,5.436e-14
"2 real, sphere",combined,161,4.128e-14
"2 real, sphere",combined,162,5.545e-14
"2 real, sphere",combined,163,4.319e-14
"2 real, sphere",combined,164,5.277e-14
"2 real, sphere",combined,165,4.452e-14
"2 real, sphere",combined,166,5.912e-14
"2 real, sphere",combined,167,4.738e-14
"2 real, sphere",combined,168,5.563e-14
"2 real, sphere",combined,169,4.576e-14
"2 real, sphere",combined,170,5.733e-14
"2 real, sphere",combined,171,4.400e-14
"2 real, sphere",combined,172,6.908e-14
"2 real, sphere",combined,173,4.594e-14
"2 real, sphere",combined,174,6.293e-14
"2 real, sphere",combined,175,4.816e-14
"2 real, sphere",combined,176,6.520e-14
"2 real, sphere",combined,177,5.029e-14
"2 real, sphere",combined,178,6.567e-14
"2 real, sphere",combined,179,5.032e-14
"2 real, sphere",combined,180,5.963e-14
"2 real, sphere",combined,181,5.197e-14
"2 real, sphere",combined,182,6.634e-14
"2 real, sphere",combined,183,5.296e-14
"2 real, sphere",combined,184,6.458e-14
"2 real, sphere",combined,185,5.481e-14
"2 real, sphere",combined,186,6.321e-14
"2 real, sphere",combined,187,5.356e-14
"2 real, sphere",combined,188,6.916e-14
"2 real, sphere",combined,189,5.010e-14
"2 real, sphere",combined,190,6.851e-14
"2 real, sphere",combined,191,5.335e-14
"2 real, sphere",combined,192,6.773e-14
"2 real, sphere",combined,193,5.701e-14
"2 real, sphere",combined,194,7.334e-14
"2 real, sphere",combined,195,6.071e-14
"2 real, sphere",combined,196,6.746e-14
"2 real, sphere",combined,197,6.001e-14
"2 real, sphere",combined,198,6.556e-14
"2 real, sphere",combined,199,6.093e-14
"2 real, sphere",combined,200,7.460e-14
"2 real, sphere",combined,201,5.636e-14
"2 real, sphere",combined,202,7.006e-14
"2 real, sphere",combined,203,5.934e-14
"2 real, sphere",combined,204,7.246e-14
"2 real, sphere",combined,205,6.602e-14
"2 real, sphere",combined,206,7.090e-14
"2 real, sphere",combined,207,5.718e-14
"2 real, sphere",combined,208,7.044e-14
"2 real, sphere",combined,209,5.882e-14
"2 real, sphere",combined,210,7.468e-14
"2 real, sphere",combined,211,5.546e-14
"2 real, sphere",combined,212,7.627e-14
"2 real, sphere",combined,213,5.532e-14
"2 real, sphere",combined,214,6.807e-14
"2 real, sphere",combined,215,5.502e-14
"2 real, sphere",combined,216,6.447e-14
"2 real, sphere",combined,217,5.768e-14
"2 real, sphere",combined,218,6.529e-14
"2 real, sphere",combined,219,5.886e-14
"2 real, sphere",combined,220,6.678e-14
"2 real, sphere",combined,221,6.505e-14
"2 real, sphere",combined,222,6.737e-14
"2 real, sphere",combined,223,5.810e-14
"2 real, sphere",combined,224,6.856e-14
"2 real, sphere",combined,225,6.276e-14
"2 real, sphere",combined,226,7.097e-14
"2 real, sphere",combined,227,6.199e-14
"2 real, sphere",combined,228,7.020e-14
"2 real, sphere",combined,229,5.929e-14
"2 real, sphere",combined,230,6.601e-14
"2 real, sphere",combined,231,5.994e-14
"2 real, sphere",combined,232,6.888e-14
"2 real, sphere",combined,233,5.675e-14
"2 real, sphere",combined,234,6.402e-14
"2 real, sphere",combined,235,6.288e-14
"2 real, sphere",combined,236,7.021e-14
"2 real, sphere",combined,237,6.163e-14
"2 real, sphere",combined,238,7.413e-14
"2 real, sphere",combined,239,6.279e-14
"2 real, sphere",combined,240,7.151e-14
"2 real, sphere",combined,241,6.605e-14
"2 real, sphere",combined,242,6.914e-14
"2 real, sphere",combined,243,6.683e-14
"2 real, sphere",combined,244,7.430e-14
"2 real, sphere",combined,245,6.582e-14
"2 real, sphere",combined,246,7.657e-14
"2 real, sphere",combined,247,6.273e-14
"2 real, sphere",combined,248,7.278e-14
"2 real, sphere",combined,249,6.953e-14
"2 real, sphere",combined,250,6.981e-14
"2 real, sphere",combined,251,7.121e-14
"2 real, sphere",combined,252,7.004e-14
"2 real, sphere",combined,253,6.167e-14
"2 real, sphere",combined,254,7.148e-14
"2 real, sphere",combined,255,6.483e-14
"2 real, sphere",combined,256,7.610e-14
"2 real, sphere",combined,257,6.632e-14
"2 real, sphere",combined,258,7.623e-14
"2 real, sphere",combined,259,6.902e-14
"2 real, sphere",combined,260,7.804e-14
"2 real, sphere",combined,261,7.205e-14
"2 real, sphere",combined,262,8.092e-14
"2 real, sphere",combined,263,6.947e-14
"2 real, sphere",combined,264,8.532e-14
"2 real, sphere",combined,265,6.803e-14
"2 real, sphere",combined,266,7.488e-14
"2 real, sphere",combined,267,8.000e-14
"2 real, sphere",combined,268,7.859e-14
"2 real, sphere",combined,269,8.119e-14
"2 real, sphere",combined,270,8.076e-14
"2 real, sphere",combined,271,7.707e-14
"2 real, sphere",combined,272,7.861e-14
"2 real, sphere",combined,273,7.900e-14
"2 real, sphere",combined,274,7.765e-14
"2 real, sphere",combined,275,8.102e-14
"2 real, sphere",combined,276,7.708e-14
"2 real, sphere",combined,277,8.535e-14
"2 real, sphere",combined,278,8.873e-14
"2 real, sphere",combined,279,9.020e-14
"2 real, sphere",combined,280,7.764e-14
"2 real, sphere",combined,281,8.939e-14
"2 real, sphere",combined,282,7.889e-14
"2 real, sphere",combined,283,8.669e-14
"2 real, sphere",combined,284,9.255e-14
"2 real, sphere",combined,285,8.777e-14
"2 real, sphere",combined,286,8.049e-14
"2 real, sphere",combined,287,8.706e-14
"2 real, sphere",combined,288,8.539e-14
"2 real, sphere",combined,289,8.633e-14
"2 real, sphere",combined,290,8.604e-14
"2 real, sphere",combined,291,8.728e-14
"2 real, sphere",combined,292,8.443e-14
"2 real, sphere",combined,293,8.605e-14
"2 real, sphere",combined,294,8.100e-14
"2 real, sphere",combined,295,8.919e-14
"2 real, sphere",combined,296,8.341e-14
"2 real, sphere",combined,297,9.112e-14
"2 real, sphere",combined,298,9.267e-14
"2 real, sphere",combined,299,9.470e-14
"2 real, sphere",combined,300,8.544e-14
"2 real, sphere",combined,301,9.000e-14
"2 real, sphere",combined,302,8.755e-14
"2 real, sphere",combined,303,9.963e-14
"2 real, sphere",combined,304,8.870e-14
"2 real, sphere",combined,305,9.315e-14
"2 real, sphere",combined,306,8.527e-14
"2 real, sphere",combined,307,9.740e-14
"2 real, sphere",combined,308,8.487e-14
"2 real, sphere",combined,309,9.954e-14
"2 real, sphere",combined,310,9.302e-14
"2 real, sphere",combined,311,1.019e-13
"2 real, sphere",combined,312,9.581e-14
"2 real, sphere",combined,313,1.003e-13
"2 real, sphere",combined,314,9.552e-14
"2 real, sphere",combined,315,9.367e-14
"2 real, sphere",combined,316,9.492e-14
"2 real, sphere",combined,317,9.766e-14
"2 real, sphere",combined,318,1.055e-13
"2 real, sphere",combined,319,1.128e-13
"2 real, sphere",combined,320,1.079e-13
"2 real, sphere",combined,321,1.109e-13
"2 real, sphere",combined,322,1.097e-13
"2 real, sphere",combined,323,1.124e-13
"2 real, sphere",combined,324,1.148e-13
"2 real, sphere",combined,325,1.108e-13
"2 real, sphere",combined,326,1.148e-13
"2 real, sphere",combined,327,1.136e-13
"2 real, sphere",combined,328,1.118e-13
"2 real, sphere",combined,329,1.149e-13
"2 real, sphere",combined,330,1.074e-13
"2 real, sphere",combined,331,1.179e-13
"2 real, sphere",combined,332,1.015e-13
"2 real, sphere",combined,333,1.210e-13
"2 real, sphere",combined,334,1.148e-13
"2 real, sphere",combined,335,1.172e-13
"2 real, sphere",combined,336,1.114e-13
"2 real, sphere",combined,337,1.231e-13
"2 real, sphere",combined,338,1.179e-13
"2 real, sphere",combined,339,1.236e-13
"2 real, sphere",combined,340,1.192e-13
"2 real, sphere",combined,341,1.301e-13
"2 real, sphere",combined,342,1.204e-13
"2 real, sphere",combined,343,1.220e-13
"2 real, sphere",combined,344,1.188e-13
"2 real, sphere",combined,345,1.290e-13
"2 real, sphere",combined,346,1.212e-13
"2 real, sphere",combined,347,1.286e-13
"2 real, sphere",combined,348,1.203e-13
"2 real, sphere",combined,349,1.256e-13
"2 real, sphere",combined,350,1.211e-13
"2 real, sphere",combined,351,1.223e-13
"2 real, sphere",combined,352,1.240e-13
"2 real, sphere",combined,353,1.277e-13
"2 real, sphere",combined,354,1.245e-13
"2 real, sphere",combined,355,1.262e-13
"2 real, sphere",combined,356,1.218e-13
"2 real, sphere",combined,357,1.225e-13
"2 real, sphere",combined,358,1.302e-13
"2 real, sphere",combined,359,1.271e-13
"2 real, sphere",combined,360,1.196e-13
"2 real, sphere",combined,361,1.240e-13
"2 real, sphere",combined,362,1.342e-13
"2 real, sphere",combined,363,1.297e-13
"2 real, sphere",combined,364,1.337e-13
"2 real, sphere",combined,365,1.327e-13
"2 real, sphere",combined,366,1.300e-13
"2 real, sphere",combined,367,1.321e-13
"2 real, sphere",combined,368,1.326e-13
"2 real, sphere",combined,369,1.321e-13
"2 real, sphere",combined,370,1.371e-13
"2 real, sphere",combined,371,1.230e-13
"2 real, sphere",combined,372,1.354e-13
"2 real, sphere",combined,373,1.277e-13
"2 real, sphere",combined,374,1.295e-13
"2 real, sphere",combined,375,1.311e-13
"2 real, sphere",combined,376,1.239e-13
"2 real, sphere",combined,377,1.307e-13
"2 real, sphere",combined,378,1.271e-13
"2 real, sphere",combined,379,1.300e-13
"2 real, sphere",combined,380,1.316e-13
"2 real, sphere",combined,381,1.292e-13
"2 real, sphere",combined,382,1.270e-13
"2 real, sphere",combined,383,1.344e-13
"2 real, sphere",combined,384,1.281e-13
"2 real, sphere",combined,385,1.267e-13
"2 real, sphere",combined,386,1.281e-13
"2 real, sphere",combined,387,1.291e-13
"2 real, sphere",combined,388,1.278e-13
"2 real, sphere",combined,389,1.331e-13
"2 real, sphere",combined,390,1.268e-13
"2 real, sphere",combined,391,1.290e-13
"2 real, sphere",combined,392,1.318e-13
"2 real, sphere",combined,393,1.364e-13
"2 real, sphere",combined,394,1.268e-13
"2 real, sphere",combined,395,1.285e-13
"2 real, sphere",combined,396,1.315e-13
"2 real, sphere",combined,397,1.329e-13
"2 real, sphere",combined,398,1.243e-13
"2 real, sphere",combined,399,1.262e-13
"2 real, sphere",combined,400,1.247e-13
"3 real, depth",remanent,1,1.770e-15
"3 real, depth",remanent,2,1.549e-15
"3 real, depth",remanent,3,2.123e-15
"3 real, depth",remanent,4,1.994e-15
"3 real, depth",remanent,5,2.641e-15
"3 real, depth",remanent,6,1.332e-15
"3 real, depth",remanent,7,9.983e-16
"3 real, depth",remanent,8,2.207e-15
"3 real, depth",remanent,9,1.311e-15
"3 real, depth",remanent,10,1.741e-15
"3 real, depth",remanent,11,2.407e-15
"3 real, depth",remanent,12,1.886e-15
"3 real, depth",remanent,13,1.730e-15
"3 real, depth",remanent,14,2.584e-15
"3 real, depth",remanent,15,2.375e-15
"3 real, depth",remanent,16,2.023e-15
"3 real, depth",remanent,17,2.182e-15
"3 real, depth",remanent,18,1.819e-15
"3 real, depth",remanent,19,2.885e-15
"3 real, depth",remanent,20,2.774e-15
"3 real, depth",remanent,21,3.448e-15
"3 real, depth",remanent,22,3.009e-15
"3 real, depth",remanent,23,2.596e-15
"3 real, depth",remanent,24,3.677e-15
"3 real, depth",remanent,25,3.614e-15
"3 real, depth",remanent,26,2.445e-15
"3 real, depth",remanent,27,3.995e-15
"3 real, depth",remanent,28,3.164e-15
"3 real, depth",remanent,29,4.648e-15
"3 real, depth",remanent,30,3.723e-15
"3 real, depth",remanent,31,3.226e-15
"3 real, depth",remanent,32,3.255e-15
"3 real, depth",remanent,33,3.889e-15
"3 real, depth",remanent,34,3.362e-15
"3 real, depth",remanent,35,3.904e-15
"3 real, depth",remanent,36,4.899e-15
"3 real, depth",remanent,37,3.382e-15
"3 real, depth",remanent,38,3.548e-15
"3 real, depth",remanent,39,3.406e-15
"3 real, depth",remanent,40,4.500e-15
"3 real, depth",remanent,41,5.426e-15
"3 real, depth",remanent,42,5.327e-15
"3 real, depth",remanent,43,4.920e-15
"3 real, depth",remanent,44,5.003e-15
"3 real, depth",remanent,45,5.284e-15
"3 real, depth",remanent,46,5.939e-15
"3 real, depth",remanent,47,6.420e-15
"3 real, depth",remanent,48,5.146e-15
"3 real, depth",remanent,49,4.903e-15
"3 real, depth",remanent,50,4.944e-15
"3 real, depth",remanent,51,5.829e-15
"3 real, depth",remanent,52,7.172e-15
"3 real, depth",remanent,53,6.653e-15
"3 real, depth",remanent,54,5.375e-15
"3 real, depth",remanent,55,5.646e-15
"3 real, depth",remanent,56,6.766e-15
"3 real, depth",remanent,57,6.541e-15
"3 real, depth",remanent,58,5.998e-15
"3 real, depth",remanent,59,6.971e-15
"3 real, depth",remanent,60,7.883e-15
"3 real, depth",remanent,61,8.344e-15
"3 real, depth",remanent,62,7.702e-15
"3 real, depth",remanent,63,7.322e-15
"3 real, depth",remanent,64,7.450e-15
"3 real, depth",remanent,65,6.780e-15
"3 real, depth",remanent,66,7.731e-15
"3 real, depth",remanent,67,6.858e-15
"3 real, depth",remanent,68,7.448e-15
"3 real, depth",remanent,69,8.005e-15
"3 real, depth",remanent,70,8.098e-15
"3 real, depth",remanent,71,8.029e-15
"3 real, depth",remanent,72,8.273e-15
"3 real, depth",remanent,73,8.471e-15
"3 real, depth",remanent,74,8.187e-15
"3 real, depth",remanent,75,1.008e-14
"3 real, depth",remanent,76,8.452e-15
"3 real, depth",remanent,77,7.926e-15
"3 real, depth",remanent,78,8.294e-15
"3 real, depth",remanent,79,9.758e-15
"3 real, depth",remanent,80,8.799e-15
"3 real, depth",remanent,81,9.894e-15
"3 real, depth",remanent,82,9.098e-15
"3 real, depth",remanent,83,8.712e-15
"3 real, depth",remanent,84,9.927e-15
"3 real, depth",remanent,85,9.746e-15
"3 real, depth",remanent,86,8.771e-15
"3 real, depth",remanent,87,9.440e-15
"3 real, depth",remanent,88,1.038e-14
"3 real, depth",remanent,89,1.143e-14
"3 real, depth",remanent,90,1.053e-14
"3 real, depth",remanent,91,9.987e-15
"3 real, depth",remanent,92,1.234e-14
"3 real, depth",remanent,93,1.105e-14
"3 real, depth",remanent,94,1.140e-14
"3 real, depth",remanent,95,1.320e-14
"3 real, depth",remanent,96,1.154e-14
"3 real, depth",remanent,97,1.045e-14
"3 real, depth",remanent,98,1.300e-14
"3 real, depth",remanent,99,1.321e-14
"3 real, depth",remanent,100,1.159e-14
"3 real, depth",remanent,101,1.367e-14
"3 real, depth",remanent,102,1.099e-14
"3 real, depth",remanent,103,1.251e-14
"3 real, depth",remanent,104,1.171e-14
"3 real, depth",remanent,105,1.235e-14
"3 real, depth",remanent,106,1.295e-14
"3 real, depth",remanent,107,1.244e-14
"3 real, depth",remanent,108,1.321e-14
"3 real, depth",remanent,109,1.233e-14
"3 real, depth",remanent,110,1.299e-14
"3 real, depth",remanent,111,1.133e-14
"3 real, depth",remanent,112,1.145e-14
"3 real, depth",remanent,113,1.384e-14
"3 real, depth",remanent,114,1.594e-14
"3 real, depth",remanent,115,1.386e-14
"3 real, depth",remanent,116,1.316e-14
"3 real, depth",remanent,117,1.244e-14
"3 real, depth",remanent,118,1.318e-14
"3 real, depth",remanent,119,1.470e-14
"3 real, depth",remanent,120,1.612e-14
"3 real, depth",remanent,121,1.570e-14
"3 real, depth",remanent,122,1.498e-14
"3 real, depth",remanent,123,1.411e-14
"3 real, depth",remanent,124,1.501e-14
"3 real, depth",remanent,125,1.490e-14
"3 real, depth",remanent,126,1.497e-14
"3 real, depth",remanent,127,1.476e-14
"3 real, depth",remanent,128,1.484e-14
"3 real, depth",remanent,129,1.566e-14
"3 real, depth",remanent,130,1.603e-14
"3 real, depth",remanent,131,1.590e-14
"3 real, depth",remanent,132,1.831e-14
"3 real, depth",remanent,133,1.646e-14
"3 real, depth",remanent,134,1.714e-14
"3 real, depth",remanent,135,1.661e-14
"3 real, depth",remanent,136,1.529e-14
"3 real, depth",remanent,137,1.767e-14
"3 real, depth",remanent,138,1.746e-14
"3 real, depth",remanent,139,1.610e-14
"3 real, depth",remanent,140,1.888e-14
"3 real, depth",remanent,141,1.785e-14
"3 real, depth",remanent,142,1.869e-14
"3 real, depth",remanent,143,1.973e-14
"3 real, depth",remanent,144,1.924e-14
"3 real, depth",remanent,145,1.837e-14
"3 real, depth",remanent,146,1.869e-14
"3 real, depth",remanent,147,1.828e-14
"3 real, depth",remanent,148,1.993e-14
"3 real, depth",remanent,149,2.149e-14
"3 real, depth",remanent,150,1.978e-14
"3 real, depth",remanent,151,2.303e-14
"3 real, depth",remanent,152,2.192e-14
"3 real, depth",remanent,153,2.608e-14
"3 real, depth",remanent,154,2.868e-14
"3 real, depth",remanent,155,3.266e-14
"3 real, depth",remanent,156,3.272e-14
"3 real, depth",remanent,157,3.892e-14
"3 real, depth",remanent,158,3.983e-14
"3 real, depth",remanent,159,4.294e-14
"3 real, depth",remanent,160,4.153e-14
"3 real, depth",remanent,161,4.363e-14
"3 real, depth",remanent,162,4.489e-14
"3 real, depth",remanent,163,4.093e-14
"3 real, depth",remanent,164,4.184e-14
"3 real, depth",remanent,165,4.001e-14
"3 real, depth",remanent,166,4.335e-14
"3 real, depth",remanent,167,4.236e-14
"3 real, depth",remanent,168,3.345e-14
"3 real, depth",remanent,169,3.936e-14
"3 real, depth",remanent,170,3.668e-14
"3 real, depth",remanent,171,3.311e-14
"3 real, depth",remanent,172,3.764e-14
"3 real, depth",remanent,173,3.633e-14
"3 real, depth",remanent,174,3.420e-14
"3 real, depth",remanent,175,3.802e-14
"3 real, depth",remanent,176,3.893e-14
"3 real, depth",remanent,177,3.608e-14
"3 real, depth",remanent,178,3.835e-14
"3 real, depth",remanent,179,3.927e-14
"3 real, depth",remanent,180,3.621e-14
"3 real, depth",remanent,181,3.944e-14
"3 real, depth",remanent,182,3.977e-14
"3 real, depth",remanent,183,3.992e-14
"3 real, depth",remanent,184,4.085e-14
"3 real, depth",remanent,185,4.543e-14
"3 real, depth",induced,1,3.970e-14
"3 real, depth",induced,2,3.165e-15
"3 real, depth",induced,3,9.657e-15
"3 real, depth",induced,4,3.842e-15
"3 real, depth",induced,5,2.262e-15
"3 real, depth",induced,6,3.294e-15
"3 real, depth",induced,7,3.734e-15
"3 real, depth",induced,8,4.231e-15
"3 real, depth",induced,9,4.528e-15
"3 real, depth",induced,10,2.072e-15
"3 real, depth",induced,11,3.337e-15
"3 real, depth",induced,12,3.816e-15
"3 real, depth",induced,13,2.548e-15
"3 real, depth",induced,14,2.757e-15
"3 real, depth",induced,15,3.495e-15
"3 real, depth",induced,16,3.432e-15
"3 real, depth",induced,17,4.527e-15
"3 real, depth",induced,18,2.661e-15
"3 real, depth",induced,19,2.263e-15
"3 real, depth",induced,20,2.868e-15
"3 real, depth",induced,21,3.964e-15
"3 real, depth",induced,22,3.506e-15
"3 real, depth",induced,23,2.607e-15
"3 real, depth",induced,24,3.119e-15
"3 real, depth",induced,25,3.134e-15
"3 real, depth",induced,26,3.254e-15
"3 real, depth",induced,27,3.349e-15
"3 real, depth",induced,28,3.998e-15
"3 real, depth",induced,29,3.520e-15
"3 real, depth",induced,30,4.441e-15
"3 real, depth",induced,31,3.933e-15
"3 real, depth",induced,32,3.188e-15
"3 real, depth",induced,33,4.145e-15
"3 real, depth",induced,34,4.949e-15
"3 real, depth",induced,35,4.742e-15
"3 real, depth",induced,36,4.217e-15
"3 real, depth",induced,37,4.952e-15
"3 real, depth",induced,38,4.409e-15
"3 real, depth",induced,39,5.566e-15
"3 real, depth",induced,40,5.754e-15
"3 real, depth",induced,41,4.704e-15
"3 real, depth",induced,42,4.207e-15
"3 real, depth",induced,43,5.279e-15
"3 real, depth",induced,44,4.730e-15
"3 real, depth",induced,45,6.518e-15
"3 real, depth",induced,46,6.239e-15
"3 real, depth",induced,47,6.152e-15
"3 real, depth",induced,48,7.026e-15
"3 real, depth",induced,49,6.784e-15
"3 real, depth",induced,50,6.471e-15
"3 real, depth",induced,51,7.074e-15
"3 real, depth",induced,52,7.840e-15
"3 real, depth",induced,53,6.246e-15
"3 real, depth",induced,54,8.356e-15
"3 real, depth",induced,55,7.794e-15
"3 real, depth",induced,56,7.263e-15
"3 real, depth",induced,57,7.451e-15
"3 real, depth",induced,58,7.600e-15
"3 real, depth",induced,59,6.997e-15
"3 real, depth",induced,60,8.499e-15
"3 real, depth",induced,61,7.130e-15
"3 real, depth",induced,62,8.517e-15
"3 real, depth",induced,63,7.802e-15
"3 real, depth",induced,64,7.604e-15
"3 real, depth",induced,65,8.893e-15
"3 real, depth",induced,66,8.959e-15
"3 real, depth",induced,67,8.189e-15
"3 real, depth",induced,68,1.012e-14
"3 real, depth",induced,69,8.771e-15
"3 real, depth",induced,70,9.766e-15
"3 real, depth",induced,71,8.166e-15
"3 real, depth",induced,72,8.267e-15
"3 real, depth",induced,73,9.511e-15
"3 real, depth",induced,74,1.009e-14
"3 real, depth",induced,75,9.577e-15
"3 real, depth",induced,76,9.660e-15
"3 real, depth",induced,77,1.103e-14
"3 real, depth",induced,78,1.131e-14
"3 real, depth",induced,79,1.095e-14
"3 real, depth",induced,80,9.211e-15
"3 real, depth",induced,81,1.123e-14
"3 real, depth",induced,82,1.138e-14
"3 real, depth",induced,83,1.077e-14
"3 real, depth",induced,84,1.192e-14
"3 real, depth",induced,85,1.170e-14
"3 real, depth",induced,86,1.258e-14
"3 real, depth",induced,87,1.121e-14
"3 real, depth",induced,88,1.353e-14
"3 real, depth",induced,89,1.090e-14
"3 real, depth",induced,90,1.321e-14
"3 real, depth",induced,91,1.302e-14
"3 real, depth",induced,92,1.280e-14
"3 real, depth",induced,93,1.214e-14
"3 real, depth",induced,94,1.380e-14
"3 real, depth",induced,95,1.396e-14
"3 real, depth",induced,96,1.355e-14
"3 real, depth",induced,97,1.500e-14
"3 real, depth",induced,98,1.445e-14
"3 real, depth",induced,99,1.517e-14
"3 real, depth",induced,100,1.621e-14
"3 real, depth",induced,101,1.545e-14
"3 real, depth",induced,102,1.491e-14
"3 real, depth",induced,103,1.435e-14
"3 real, depth",induced,104,1.440e-14
"3 real, depth",induced,105,1.454e-14
"3 real, depth",induced,106,1.559e-14
"3 real, depth",induced,107,1.540e-14
"3 real, depth",induced,108,1.488e-14
"3 real, depth",induced,109,1.474e-14
"3 real, depth",induced,110,1.430e-14
"3 real, depth",induced,111,1.512e-14
"3 real, depth",induced,112,1.688e-14
"3 real, depth",induced,113,1.517e-14
"3 real, depth",induced,114,1.467e-14
"3 real, depth",induced,115,1.554e-14
"3 real, depth",induced,116,1.749e-14
"3 real, depth",induced,117,2.002e-14
"3 real, depth",induced,118,1.563e-14
"3 real, depth",induced,119,1.977e-14
"3 real, depth",induced,120,1.747e-14
"3 real, depth",induced,121,1.964e-14
"3 real, depth",induced,122,1.814e-14
"3 real, depth",induced,123,1.942e-14
"3 real, depth",induced,124,1.961e-14
"3 real, depth",induced,125,2.010e-14
"3 real, depth",induced,126,1.888e-14
"3 real, depth",induced,127,1.916e-14
"3 real, depth",induced,128,1.888e-14
"3 real, depth",induced,129,1.899e-14
"3 real, depth",induced,130,2.108e-14
"3 real, depth",induced,131,1.788e-14
"3 real, depth",induced,132,1.872e-14
"3 real, depth",induced,133,2.117e-14
"3 real, depth",induced,134,2.093e-14
"3 real, depth",induced,135,2.083e-14
"3 real, depth",induced,136,2.385e-14
"3 real, depth",induced,137,2.184e-14
"3 real, depth",induced,138,2.224e-14
"3 real, depth",induced,139,2.363e-14
"3 real, depth",induced,140,2.301e-14
"3 real, depth",induced,141,2.163e-14
"3 real, depth",induced,142,2.670e-14
"3 real, depth",induced,143,2.590e-14
"3 real, depth",induced,144,2.620e-14
"3 real, depth",induced,145,2.772e-14
"3 real, depth",induced,146,2.857e-14
"3 real, depth",induced,147,2.527e-14
"3 real, depth",induced,148,2.879e-14
"3 real, depth",induced,149,2.728e-14
"3 real, depth",induced,150,2.639e-14
"3 real, depth",induced,151,2.712e-14
"3 real, depth",induced,152,3.285e-14
"3 real, depth",induced,153,3.319e-14
"3 real, depth",induced,154,3.257e-14
"3 real, depth",induced,155,3.546e-14
"3 real, depth",induced,156,3.202e-14
"3 real, depth",induced,157,5.287e-14
"3 real, depth",induced,158,5.900e-14
"3 real, depth",induced,159,5.407e-14
"3 real, depth",induced,160,7.112e-14
"3 real, depth",induced,161,4.158e-14
"3 real, depth",induced,162,6.814e-14
"3 real, depth",induced,163,5.655e-14
"3 real, depth",induced,164,7.093e-14
"3 real, depth",induced,165,5.917e-14
"3 real, depth",induced,166,7.859e-14
"3 real, depth",induced,167,6.506e-14
"3 real, depth",induced,168,8.506e-14
"3 real, depth",induced,169,6.080e-14
"3 real, depth",induced,170,8.195e-14
"3 real, depth",induced,171,6.345e-14
"3 real, depth",induced,172,9.016e-14
"3 real, depth",induced,173,6.120e-14
"3 real, depth",induced,174,8.824e-14
"3 real, depth",induced,175,6.157e-14
"3 real, depth",induced,176,8.333e-14
"3 real, depth",induced,177,6.810e-14
"3 real, depth",induced,178,8.159e-14
"3 real, depth",induced,179,6.242e-14
"3 real, depth",induced,180,8.039e-14
"3 real, depth",induced,181,6.250e-14
"3 real, depth",induced,182,8.331e-14
"3 real, depth",induced,183,5.879e-14
"3 real, depth",induced,184,7.829e-14
"3 real, depth",induced,185,6.211e-14
"3 real, depth",combined,1,7.111e-14
"3 real, depth",combined,2,2.016e-15
"3 real, depth",combined,3,9.249e-15
"3 real, depth",combined,4,3.357e-15
"3 real, depth",combined,5,2.639e-15
"3 real, depth",combined,6,2.463e-15
"3 real, depth",combined,7,3.977e-15
"3 real, depth",combined,8,2.593e-15
"3 real, depth",combined,9,3.794e-15
"3 real, depth",combined,10,1.684e-15
"3 real, depth",combined,11,3.127e-15
"3 real, depth",combined,12,3.507e-15
"3 real, depth",combined,13,2.157e-15
"3 real, depth",combined,14,2.389e-15
"3 real, depth",combined,15,3.290e-15
"3 real, depth",combined,16,3.105e-15
"3 real, depth",combined,17,3.532e-15
"3 real, depth",combined,18,2.515e-15
"3 real, depth",combined,19,2.698e-15
"3 real, depth",combined,20,3.042e-15
"3 real, depth",combined,21,3.710e-15
"3 real, depth",combined,22,3.329e-15
"3 real, depth",combined,23,2.552e-15
"3 real, depth",combined,24,3.111e-15
"3 real, depth",combined,25,3.437e-15
"3 real, depth",combined,26,2.975e-15
"3 real, depth",combined,27,2.965e-15
"3 real, depth",combined,28,3.567e-15
"3 real, depth",combined,29,3.925e-15
"3 real, depth",combined,30,4.259e-15
"3 real, depth",combined,31,4.138e-15
"3 real, depth",combined,32,3.135e-15
"3 real, depth",combined,33,3.905e-15
"3 real, depth",combined,34,4.815e-15
"3 real, depth",combined,35,4.596e-15
"3 real, depth",combined,36,5.043e-15
"3 real, depth",combined,37,4.824e-15
"3 real, depth",combined,38,4.271e-15
"3 real, depth",combined,39,5.305e-15
"3 real, depth",combined,40,5.762e-15
"3 real, depth",combined,41,5.363e-15
"3 real, depth",combined,42,4.425e-15
"3 real, depth",combined,43,4.717e-15
"3 real, depth",combined,44,4.447e-15
"3 real, depth",combined,45,6.364e-15
"3 real, depth",combined,46,6.622e-15
"3 real, depth",combined,47,5.621e-15
"3 real, depth",combined,48,6.534e-15
"3 real, depth",combined,49,6.574e-15
"3 real, depth",combined,50,5.835e-15
"3 real, depth",combined,51,6.672e-15
"3 real, depth",combined,52,8.295e-15
"3 real, depth",combined,53,6.058e-15
"3 real, depth",combined,54,8.265e-15
"3 real, depth",combined,55,6.659e-15
"3 real, depth",combined,56,7.853e-15
"3 real, depth",combined,57,7.746e-15
"3 real, depth",combined,58,7.909e-15
"3 real, depth",combined,59,6.391e-15
"3 real, depth",combined,60,9.394e-15
"3 real, depth",combined,61,7.497e-15
"3 real, depth",combined,62,9.852e-15
"3 real, depth",combined,63,8.132e-15
"3 real, depth",combined,64,7.847e-15
"3 real, depth",combined,65,8.359e-15
"3 real, depth",combined,66,9.175e-15
"3 real, depth",combined,67,7.630e-15
"3 real, depth",combined,68,1.038e-14
"3 real, depth",combined,69,8.689e-15
"3 real, depth",combined,70,8.764e-15
"3 real, depth",combined,71,8.580e-15
"3 real, depth",combined,72,7.692e-15
"3 real, depth",combined,73,9.273e-15
"3 real, depth",combined,74,1.050e-14
"3 real, depth",combined,75,9.042e-15
"3 real, depth",combined,76,9.694e-15
"3 real, depth",combined,77,1.044e-14
"3 real, depth",combined,78,1.017e-14
"3 real, depth",combined,79,1.070e-14
"3 real, depth",combined,80,8.929e-15
"3 real, depth",combined,81,1.129e-14
"3 real, depth",combined,82,1.118e-14
"3 real, depth",combined,83,1.021e-14
"3 real, depth",combined,84,1.216e-14
"3 real, depth",combined,85,1.138e-14
"3 real, depth",combined,86,1.177e-14
"3 real, depth",combined,87,1.053e-14
"3 real, depth",combined,88,1.279e-14
"3 real, depth",combined,89,1.154e-14
"3 real, depth",combined,90,1.335e-14
"3 real, depth",combined,91,1.250e-14
"3 real, depth",combined,92,1.310e-14
"3 real, depth",combined,93,1.158e-14
"3 real, depth",combined,94,1.271e-14
"3 real, depth",combined,95,1.435e-14
"3 real, depth",combined,96,1.403e-14
"3 real, depth",combined,97,1.363e-14
"3 real, depth",combined,98,1.397e-14
"3 real, depth",combined,99,1.526e-14
"3 real, depth",combined,100,1.551e-14
"3 real, depth",combined,101,1.545e-14
"3 real, depth",combined,102,1.515e-14
"3 real, depth",combined,103,1.412e-14
"3 real, depth",combined,104,1.445e-14
"3 real, depth",combined,105,1.449e-14
"3 real, depth",combined,106,1.591e-14
"3 real, depth",combined,107,1.423e-14
"3 real, depth",combined,108,1.509e-14
"3 real, depth",combined,109,1.405e-14
"3 real, depth",combined,110,1.446e-14
"3 real, depth",combined,111,1.413e-14
"3 real, depth",combined,112,1.513e-14
"3 real, depth",combined,113,1.556e-14
"3 real, depth",combined,114,1.523e-14
"3 real, depth",combined,115,1.561e-14
"3 real, depth",combined,116,1.528e-14
"3 real, depth",combined,117,1.719e-14
"3 real, depth",combined,118,1.654e-14
"3 real, depth",combined,119,1.891e-14
"3 real, depth",combined,120,1.850e-14
"3 real, depth",combined,121,1.784e-14
"3 real, depth",combined,122,1.645e-14
"3 real, depth",combined,123,1.827e-14
"3 real, depth",combined,124,1.886e-14
"3 real, depth",combined,125,1.939e-14
"3 real, depth",combined,126,1.753e-14
"3 real, depth",combined,127,1.953e-14
"3 real, depth",combined,128,1.699e-14
"3 real, depth",combined,129,1.755e-14
"3 real, depth",combined,130,2.112e-14
"3 real, depth",combined,131,1.727e-14
"3 real, depth",combined,132,2.080e-14
"3 real, depth",combined,133,1.885e-14
"3 real, depth",combined,134,2.023e-14
"3 real, depth",combined,135,2.078e-14
"3 real, depth",combined,136,2.022e-14
"3 real, depth",combined,137,2.169e-14
"3 real, depth",combined,138,2.133e-14
"3 real, depth",combined,139,2.113e-14
"3 real, depth",combined,140,2.116e-14
"3 real, depth",combined,141,2.062e-14
"3 real, depth",combined,142,2.377e-14
"3 real, depth",combined,143,2.223e-14
"3 real, depth",combined,144,2.314e-14
"3 real, depth",combined,145,2.416e-14
"3 real, depth",combined,146,2.420e-14
"3 real, depth",combined,147,2.360e-14
"3 real, depth",combined,148,2.340e-14
"3 real, depth",combined,149,2.364e-14
"3 real, depth",combined,150,2.555e-14
"3 real, depth",combined,151,2.582e-14
"3 real, depth",combined,152,3.120e-14
"3 real, depth",combined,153,3.480e-14
"3 real, depth",combined,154,3.312e-14
"3 real, depth",combined,155,3.271e-14
"3 real, depth",combined,156,3.234e-14
"3 real, depth",combined,157,5.073e-14
"3 real, depth",combined,158,4.741e-14
"3 real, depth",combined,159,5.522e-14
"3 real, depth",combined,160,6.690e-14
"3 real, depth",combined,161,4.848e-14
"3 real, depth",combined,162,6.619e-14
"3 real, depth",combined,163,5.158e-14
"3 real, depth",combined,164,6.305e-14
"3 real, depth",combined,165,5.198e-14
"3 real, depth",combined,166,7.021e-14
"3 real, depth",combined,167,5.722e-14
"3 real, depth",combined,168,6.871e-14
"3 real, depth",combined,169,5.347e-14
"3 real, depth",combined,170,6.960e-14
"3 real, depth",combined,171,5.263e-14
"3 real, depth",combined,172,8.419e-14
"3 real, depth",combined,173,5.591e-14
"3 real, depth",combined,174,7.328e-14
"3 real, depth",combined,175,5.508e-14
"3 real, depth",combined,176,7.625e-14
"3 real, depth",combined,177,5.932e-14
"3 real, depth",combined,178,7.269e-14
"3 real, depth",combined,179,5.728e-14
"3 real, depth",combined,180,6.600e-14
"3 real, depth",combined,181,5.808e-14
"3 real, depth",combined,182,7.444e-14
"3 real, depth",combined,183,5.670e-14
"3 real, depth",combined,184,7.163e-14
"3 real, depth",combined,185,5.980e-14
