left_out,d_km,lmbda,P,w1,w2,w3,r_heldout_tuned,r_heldout_gk07,gain
CentralAtlantic,10.0,5.0,1.6548429221728633,3.9085841621028417,0.41058853169791265,1.7368732404061793,0.5899943472447264,0.5927150060559142,-0.0027206588111877705
SouthAtlanticN,10.0,5.0,1.5558670987804413,3.883768514393991,0.42251759356533736,1.8517482173649358,0.5189172062250635,0.5158616255286833,0.0030555806963802334
SouthAtlanticS,10.0,3.0,1.8262070904224614,3.9538216008549147,0.4369845625866977,1.9965405579697122,0.5883810869331528,0.5819582204543933,0.006422866478759559
SouthwestIndianOcean,10.0,5.0,1.5217303657906234,3.736015047187419,0.4446534138580519,1.998805271584665,0.6367243284496495,0.6360704555929705,0.0006538728566790608
Wharton-BayofBengal,10.0,3.0,1.3934486210051795,4.231150354499964,0.7572791388904107,2.3303267457973695,0.40533741296558706,0.4094142014478052,-0.004076788482218152
SoutheastIndianOcean,10.0,3.0,1.7810930090559607,3.9608050183305834,0.4574956086089082,1.942534180596082,0.576601429718054,0.5451910016721933,0.031410428045860694
PacificAntarcticRidge,10.0,3.0,1.3641410722815057,4.131745581534721,0.5619526089723089,1.8784145088806785,0.6795700839589337,0.6671942527722067,0.012375831186727027
EastPacificRidgeS,10.0,5.0,1.7447195841073249,3.4867380510229378,0.4084711715175313,1.9538246465759164,0.5658860718461958,0.5229800500928641,0.04290602175333169
EastPacificRidgeN,10.0,3.0,1.4016935258118892,4.041038968188049,0.3821263682570459,1.950056580439909,0.4255330810667441,0.4217855935082791,0.0037474875584649903
NEPacific,10.0,3.0,1.898644098944429,3.799959889038099,0.362806295147848,1.736709001278547,0.6061695793515861,0.600060011288966,0.0061095680626200854
