region,model,n,r,rms_ratio
CentralAtlantic,"paper (P 5, lambda 3)",1097,0.4668,1.0511
CentralAtlantic,"P 2.3, lambda 3",1097,0.4824,1.0443
CentralAtlantic,"tuned (P 0.94, lambda 3.0)",1097,0.4893,1.0431
CentralAtlantic,P 0,1097,0.4937,1.0431
SouthAtlanticN,"paper (P 5, lambda 3)",1661,0.3557,0.8143
SouthAtlanticN,"P 2.3, lambda 3",1661,0.3801,0.7809
SouthAtlanticN,"tuned (P 0.94, lambda 3.0)",1661,0.3908,0.7688
SouthAtlanticN,P 0,1661,0.3973,0.7623
SouthAtlanticS,"paper (P 5, lambda 3)",1486,0.2652,0.9421
SouthAtlanticS,"P 2.3, lambda 3",1486,0.3226,0.8626
SouthAtlanticS,"tuned (P 0.94, lambda 3.0)",1486,0.3517,0.8319
SouthAtlanticS,P 0,1486,0.3712,0.8149
SouthwestIndianOcean,"paper (P 5, lambda 3)",1149,0.5757,1.1235
SouthwestIndianOcean,"P 2.3, lambda 3",1149,0.5902,1.1139
SouthwestIndianOcean,"tuned (P 0.94, lambda 3.0)",1149,0.5966,1.1108
SouthwestIndianOcean,P 0,1149,0.6007,1.1094
Wharton-BayofBengal,"paper (P 5, lambda 3)",0,,
Wharton-BayofBengal,"P 2.3, lambda 3",0,,
Wharton-BayofBengal,"tuned (P 0.94, lambda 3.0)",0,,
Wharton-BayofBengal,P 0,0,,
SoutheastIndianOcean,"paper (P 5, lambda 3)",4113,0.4523,1.4633
SoutheastIndianOcean,"P 2.3, lambda 3",4113,0.4685,1.1093
SoutheastIndianOcean,"tuned (P 0.94, lambda 3.0)",4113,0.4592,0.9759
SoutheastIndianOcean,P 0,4113,0.4374,0.9115
PacificAntarcticRidge,"paper (P 5, lambda 3)",3410,0.5956,1.8252
PacificAntarcticRidge,"P 2.3, lambda 3",3410,0.5751,1.3313
PacificAntarcticRidge,"tuned (P 0.94, lambda 3.0)",3410,0.5298,1.1397
PacificAntarcticRidge,P 0,3410,0.4703,1.0457
EastPacificRidgeS,"paper (P 5, lambda 3)",3588,0.4206,2.1544
EastPacificRidgeS,"P 2.3, lambda 3",3588,0.4513,1.4286
EastPacificRidgeS,"tuned (P 0.94, lambda 3.0)",3588,0.4584,1.1190
EastPacificRidgeS,P 0,3588,0.4421,0.9546
EastPacificRidgeN,"paper (P 5, lambda 3)",5009,0.5384,1.2703
EastPacificRidgeN,"P 2.3, lambda 3",5009,0.5549,0.9590
EastPacificRidgeN,"tuned (P 0.94, lambda 3.0)",5009,0.5435,0.8386
EastPacificRidgeN,P 0,5009,0.5177,0.7783
NEPacific,"paper (P 5, lambda 3)",803,0.2913,1.3273
NEPacific,"P 2.3, lambda 3",803,0.2848,1.2127
NEPacific,"tuned (P 0.94, lambda 3.0)",803,0.2773,1.1704
NEPacific,P 0,803,0.2702,1.1482
