region,n,r_gk07_0km,r_tuned_0km,r_gk07_300km,r_tuned_300km
CentralAtlantic,6348,0.5927150060559142,0.6009011285289663,0.7971376469260916,0.8049874174689537
SouthAtlanticN,6659,0.5158616255286833,0.5208486635883216,0.6769508574012205,0.6836577909070095
SouthAtlanticS,7114,0.5819582204543933,0.5889036229304679,0.8284727965292688,0.8282625264701234
SouthwestIndianOcean,3555,0.6360704555929705,0.6387491211885654,0.8008456397344617,0.8056002602663478
Wharton-BayofBengal,4899,0.4094142014478052,0.4197288099672673,0.794383493834235,0.8008849590841951
SoutheastIndianOcean,5931,0.5451910016721933,0.5771489924543255,0.6790984376377858,0.6924436416355821
PacificAntarcticRidge,9123,0.6671942527722067,0.680890158118197,0.5713609360462423,0.5879846879159321
EastPacificRidgeS,7081,0.5229800500928641,0.5702244042271942,0.6803639597545359,0.7231771468695363
EastPacificRidgeN,9812,0.4217855935082791,0.42824236095813567,0.5574589008263875,0.5716739289549848
NEPacific,7625,0.600060011288966,0.6131575363792768,0.65243522433695,0.6568041645424648
PacificTriangleS,4554,0.1847137151339815,0.19179838148456926,0.2945078957935901,0.2916750478673216
PacificTriangleN,4408,0.31985960617365544,0.3369577384302172,0.5418542996613073,0.5454890174423705
